CustomerID,FirstName,LastName,Email,SignupDate,TotalSpent
0,Carol,Jones,user0@example.com,2022-01-01,966.41
1,David,Brown,user1@example.com,2022-01-02,2732.41
2,Alice,Smith,user2@example.com,2022-01-03,4371.08
3,Carol,Smith,user3@example.com,2022-01-04,3674.51
4,Carol,Smith,user4@example.com,2022-01-05,4042.48
5,David,Smith,user5@example.com,2022-01-06,3310.98
6,Alice,Taylor,user6@example.com,2022-01-07,3476.77
7,Alice,Smith,user7@example.com,2022-01-08,4253.52
8,Carol,Taylor,user8@example.com,2022-01-09,1285.86
9,Bob,Taylor,user9@example.com,2022-01-10,2472.65
10,Carol,Smith,user10@example.com,2022-01-11,1144.99
11,Carol,Smith,user11@example.com,2022-01-12,4938.96
12,Carol,Jones,user12@example.com,2022-01-13,4723.09
13,Carol,Brown,user13@example.com,2022-01-14,245.16
14,David,Smith,user14@example.com,2022-01-15,3542.6
15,Alice,Jones,user15@example.com,2022-01-16,4629.98
16,David,Jones,user16@example.com,2022-01-17,943.85
17,David,Brown,user17@example.com,2022-01-18,2861.33
18,David,Taylor,user18@example.com,2022-01-19,4581.67
19,Carol,Smith,user19@example.com,2022-01-20,218.03
20,Bob,Brown,user20@example.com,2022-01-21,3502.23
21,Alice,Smith,user21@example.com,2022-01-22,1521.88
22,Bob,Jones,user22@example.com,2022-01-23,4625.76
23,David,Jones,user23@example.com,2022-01-24,4856.74
24,David,Taylor,user24@example.com,2022-01-25,4724.12
25,Bob,Jones,user25@example.com,2022-01-26,2397.36
26,Bob,Jones,user26@example.com,2022-01-27,4317.11
27,Bob,Brown,user27@example.com,2022-01-28,4230.52
28,David,Smith,user28@example.com,2022-01-29,1629.55
29,David,Smith,user29@example.com,2022-01-30,4153.13
30,Alice,Brown,user30@example.com,2022-01-31,233.19
31,Alice,Taylor,user31@example.com,2022-02-01,3001.54
32,David,Smith,user32@example.com,2022-02-02,1188.54
33,Bob,Jones,user33@example.com,2022-02-03,646.81
34,Bob,Smith,user34@example.com,2022-02-04,430.92
35,Alice,Jones,user35@example.com,2022-02-05,3496.63
36,David,Taylor,user36@example.com,2022-02-06,1732.38
37,Alice,Brown,user37@example.com,2022-02-07,3637.6
38,Alice,Smith,user38@example.com,2022-02-08,373.51
39,Carol,Brown,user39@example.com,2022-02-09,1610.69
40,Carol,Smith,user40@example.com,2022-02-10,2720.48
41,Carol,Jones,user41@example.com,2022-02-11,3964.08
42,Bob,Brown,user42@example.com,2022-02-12,1627.82
43,David,Smith,user43@example.com,2022-02-13,3148.16
44,David,Jones,user44@example.com,2022-02-14,4435.59
45,David,Brown,user45@example.com,2022-02-15,3098.52
46,David,Brown,user46@example.com,2022-02-16,1203.15
47,Carol,Smith,user47@example.com,2022-02-17,170.78
48,Bob,Smith,user48@example.com,2022-02-18,4356.99
49,Bob,Smith,user49@example.com,2022-02-19,155.28
50,Carol,Jones,user50@example.com,2022-02-20,4379.77
51,Bob,Smith,user51@example.com,2022-02-21,2668.24
52,Carol,Brown,user52@example.com,2022-02-22,4698.39
53,David,Brown,user53@example.com,2022-02-23,4003.98
54,Carol,Smith,user54@example.com,2022-02-24,4989.77
55,David,Smith,user55@example.com,2022-02-25,1786.02
56,David,Taylor,user56@example.com,2022-02-26,3847.58
57,Alice,Brown,user57@example.com,2022-02-27,2039.56
58,Carol,Jones,user58@example.com,2022-02-28,2425.38
59,Alice,Taylor,user59@example.com,2022-03-01,3156.15
60,Carol,Smith,user60@example.com,2022-03-02,4374.7
61,Carol,Smith,user61@example.com,2022-03-03,4921.21
62,Alice,Brown,user62@example.com,2022-03-04,3852.95
63,Alice,Smith,user63@example.com,2022-03-05,2117.95
64,Carol,Jones,user64@example.com,2022-03-06,2135.72
65,Bob,Brown,user65@example.com,2022-03-07,3701.03
66,David,Smith,user66@example.com,2022-03-08,1231.95
67,Alice,Brown,user67@example.com,2022-03-09,596.85
68,David,Smith,user68@example.com,2022-03-10,1805.38
69,Bob,Smith,user69@example.com,2022-03-11,1471.83
70,Bob,Smith,user70@example.com,2022-03-12,1516.73
71,Bob,Jones,user71@example.com,2022-03-13,1206.36
72,Alice,Jones,user72@example.com,2022-03-14,258.36
73,Bob,Brown,user73@example.com,2022-03-15,138.48
74,Alice,Smith,user74@example.com,2022-03-16,4939.23
75,Bob,Smith,user75@example.com,2022-03-17,2167.48
76,David,Jones,user76@example.com,2022-03-18,1952.42
77,David,Smith,user77@example.com,2022-03-19,3414.25
78,Carol,Jones,user78@example.com,2022-03-20,1130.36
79,David,Smith,user79@example.com,2022-03-21,4752.31
80,Carol,Brown,user80@example.com,2022-03-22,3942.41
81,David,Smith,user81@example.com,2022-03-23,492.58
82,Alice,Smith,user82@example.com,2022-03-24,2117.02
83,David,Taylor,user83@example.com,2022-03-25,4401.64
84,Carol,Jones,user84@example.com,2022-03-26,4726.42
85,Carol,Smith,user85@example.com,2022-03-27,2363.64
86,Bob,Smith,user86@example.com,2022-03-28,3086.39
87,Alice,Taylor,user87@example.com,2022-03-29,876.82
88,David,Taylor,user88@example.com,2022-03-30,4956.28
89,Bob,Jones,user89@example.com,2022-03-31,1196.77
90,David,Taylor,user90@example.com,2022-04-01,4716.52
91,David,Brown,user91@example.com,2022-04-02,3265.75
92,Bob,Taylor,user92@example.com,2022-04-03,3058.3
93,Bob,Brown,user93@example.com,2022-04-04,2587.81
94,Bob,Jones,user94@example.com,2022-04-05,1191.82
95,Bob,Jones,user95@example.com,2022-04-06,923.81
96,Bob,Jones,user96@example.com,2022-04-07,1141.41
97,David,Jones,user97@example.com,2022-04-08,972.87
98,Bob,Jones,user98@example.com,2022-04-09,3908.94
99,Alice,Brown,user99@example.com,2022-04-10,1783.12
100,Carol,Brown,user100@example.com,2022-04-11,336.32
101,Bob,Jones,user101@example.com,2022-04-12,4847.06
102,Bob,Taylor,user102@example.com,2022-04-13,4424.74
103,David,Smith,user103@example.com,2022-04-14,4642.37
104,Bob,Jones,user104@example.com,2022-04-15,4974.79
105,Bob,Taylor,user105@example.com,2022-04-16,910.78
106,Bob,Smith,user106@example.com,2022-04-17,2011.4
107,David,Jones,user107@example.com,2022-04-18,3803.28
108,Bob,Jones,user108@example.com,2022-04-19,3495.3
109,Carol,Brown,user109@example.com,2022-04-20,811.78
110,David,Smith,user110@example.com,2022-04-21,4088.37
111,Carol,Smith,user111@example.com,2022-04-22,1160.98
112,David,Taylor,user112@example.com,2022-04-23,1157.9
113,Bob,Brown,user113@example.com,2022-04-24,2708.02
114,Carol,Brown,user114@example.com,2022-04-25,2985.05
115,David,Brown,user115@example.com,2022-04-26,2921.43
116,Alice,Brown,user116@example.com,2022-04-27,502.86
117,Bob,Smith,user117@example.com,2022-04-28,4393.43
118,David,Smith,user118@example.com,2022-04-29,1364.72
119,Alice,Jones,user119@example.com,2022-04-30,691.1
120,David,Jones,user120@example.com,2022-05-01,4449.3
121,Alice,Brown,user121@example.com,2022-05-02,4780.47
122,Bob,Brown,user122@example.com,2022-05-03,4317.53
123,Carol,Brown,user123@example.com,2022-05-04,4057.1
124,Alice,Jones,user124@example.com,2022-05-05,3293.45
125,David,Taylor,user125@example.com,2022-05-06,2776.74
126,Bob,Taylor,user126@example.com,2022-05-07,480.58
127,Alice,Jones,user127@example.com,2022-05-08,2071.84
128,David,Jones,user128@example.com,2022-05-09,1894.81
129,David,Jones,user129@example.com,2022-05-10,1335.78
130,David,Jones,user130@example.com,2022-05-11,3630.93
131,Alice,Jones,user131@example.com,2022-05-12,2504.58
132,Alice,Jones,user132@example.com,2022-05-13,451.18
133,Alice,Brown,user133@example.com,2022-05-14,1139.91
134,Carol,Brown,user134@example.com,2022-05-15,3432.13
135,Alice,Brown,user135@example.com,2022-05-16,426.85
136,Alice,Brown,user136@example.com,2022-05-17,4263.47
137,Alice,Jones,user137@example.com,2022-05-18,2500.98
138,Carol,Taylor,user138@example.com,2022-05-19,2428.9
139,Alice,Smith,user139@example.com,2022-05-20,2982.42
140,David,Jones,user140@example.com,2022-05-21,4132.17
141,Alice,Smith,user141@example.com,2022-05-22,1771.66
142,David,Taylor,user142@example.com,2022-05-23,3406.18
143,David,Brown,user143@example.com,2022-05-24,2850.37
144,David,Taylor,user144@example.com,2022-05-25,1371.79
145,Carol,Jones,user145@example.com,2022-05-26,4399.22
146,Carol,Brown,user146@example.com,2022-05-27,3997.26
147,Carol,Jones,user147@example.com,2022-05-28,3309.34
148,Alice,Brown,user148@example.com,2022-05-29,4260.38
149,David,Smith,user149@example.com,2022-05-30,4343.11
150,Carol,Smith,user150@example.com,2022-05-31,3556.4
151,Carol,Smith,user151@example.com,2022-06-01,4193.22
152,Alice,Taylor,user152@example.com,2022-06-02,3502.48
153,Carol,Jones,user153@example.com,2022-06-03,3416.7
154,Alice,Taylor,user154@example.com,2022-06-04,3112.13
155,Bob,Smith,user155@example.com,2022-06-05,3775.95
156,Carol,Jones,user156@example.com,2022-06-06,835.1
157,Bob,Smith,user157@example.com,2022-06-07,4410.31
158,Alice,Taylor,user158@example.com,2022-06-08,4365.63
159,David,Taylor,user159@example.com,2022-06-09,194.77
160,Carol,Taylor,user160@example.com,2022-06-10,4137.79
161,Alice,Smith,user161@example.com,2022-06-11,687.91
162,David,Jones,user162@example.com,2022-06-12,1708.84
163,David,Jones,user163@example.com,2022-06-13,3730.37
164,Bob,Smith,user164@example.com,2022-06-14,845.76
165,Alice,Jones,user165@example.com,2022-06-15,4098.94
166,David,Smith,user166@example.com,2022-06-16,4169.06
167,Carol,Jones,user167@example.com,2022-06-17,2561.97
168,Carol,Brown,user168@example.com,2022-06-18,81.61
169,Bob,Brown,user169@example.com,2022-06-19,1470.84
170,David,Taylor,user170@example.com,2022-06-20,3103.79
171,Alice,Brown,user171@example.com,2022-06-21,4906.87
172,Carol,Brown,user172@example.com,2022-06-22,3177.48
173,David,Brown,user173@example.com,2022-06-23,1336.03
174,David,Smith,user174@example.com,2022-06-24,3188.33
175,Bob,Brown,user175@example.com,2022-06-25,2722.93
176,Carol,Brown,user176@example.com,2022-06-26,3910.23
177,Carol,Taylor,user177@example.com,2022-06-27,579.55
178,Alice,Brown,user178@example.com,2022-06-28,3817.09
179,Carol,Brown,user179@example.com,2022-06-29,2729.27
180,Alice,Jones,user180@example.com,2022-06-30,4816.81
181,Carol,Taylor,user181@example.com,2022-07-01,1742.27
182,Bob,Taylor,user182@example.com,2022-07-02,3181.48
183,Carol,Taylor,user183@example.com,2022-07-03,4663.54
184,Alice,Taylor,user184@example.com,2022-07-04,557.42
185,Alice,Taylor,user185@example.com,2022-07-05,4689.28
186,Bob,Taylor,user186@example.com,2022-07-06,3455.03
187,Carol,Smith,user187@example.com,2022-07-07,385.79
188,Carol,Brown,user188@example.com,2022-07-08,1539.77
189,Bob,Taylor,user189@example.com,2022-07-09,3555.45
190,Carol,Brown,user190@example.com,2022-07-10,383.39
191,Carol,Brown,user191@example.com,2022-07-11,2931.74
192,Alice,Smith,user192@example.com,2022-07-12,1762.12
193,Carol,Taylor,user193@example.com,2022-07-13,3123.53
194,Carol,Jones,user194@example.com,2022-07-14,276.42
195,Bob,Smith,user195@example.com,2022-07-15,4364.11
196,Bob,Jones,user196@example.com,2022-07-16,4868.77
197,David,Brown,user197@example.com,2022-07-17,4845.95
198,Alice,Brown,user198@example.com,2022-07-18,3760.78
199,Carol,Smith,user199@example.com,2022-07-19,693.93
200,Carol,Smith,user200@example.com,2022-07-20,3803.4
201,David,Jones,user201@example.com,2022-07-21,171.71
202,Carol,Taylor,user202@example.com,2022-07-22,159.51
203,Alice,Jones,user203@example.com,2022-07-23,1651.87
204,David,Smith,user204@example.com,2022-07-24,2468.78
205,Alice,Jones,user205@example.com,2022-07-25,3863.52
206,David,Smith,user206@example.com,2022-07-26,3432.31
207,David,Jones,user207@example.com,2022-07-27,2257.22
208,Bob,Smith,user208@example.com,2022-07-28,1404.45
209,Alice,Smith,user209@example.com,2022-07-29,4985.77
210,Carol,Smith,user210@example.com,2022-07-30,2159.6
211,Carol,Taylor,user211@example.com,2022-07-31,2284.37
212,Alice,Jones,user212@example.com,2022-08-01,859.94
213,Carol,Jones,user213@example.com,2022-08-02,3984.31
214,Carol,Jones,user214@example.com,2022-08-03,3483.73
215,Alice,Smith,user215@example.com,2022-08-04,1142.81
216,David,Jones,user216@example.com,2022-08-05,457.79
217,Alice,Jones,user217@example.com,2022-08-06,3418.47
218,David,Smith,user218@example.com,2022-08-07,3289.83
219,Carol,Brown,user219@example.com,2022-08-08,1402.63
220,Carol,Smith,user220@example.com,2022-08-09,4756.77
221,Carol,Jones,user221@example.com,2022-08-10,797.74
222,Bob,Smith,user222@example.com,2022-08-11,2190.06
223,David,Brown,user223@example.com,2022-08-12,4720.9
224,Bob,Smith,user224@example.com,2022-08-13,2127.65
225,Bob,Jones,user225@example.com,2022-08-14,3210.7
226,Alice,Brown,user226@example.com,2022-08-15,2018.09
227,Bob,Taylor,user227@example.com,2022-08-16,1407.37
228,Alice,Jones,user228@example.com,2022-08-17,4920.69
229,Alice,Brown,user229@example.com,2022-08-18,2076.2
230,Bob,Brown,user230@example.com,2022-08-19,4475.79
231,David,Taylor,user231@example.com,2022-08-20,1188.28
232,David,Smith,user232@example.com,2022-08-21,1104.87
233,David,Smith,user233@example.com,2022-08-22,204.11
234,David,Jones,user234@example.com,2022-08-23,3275.75
235,David,Taylor,user235@example.com,2022-08-24,1874.21
236,Bob,Smith,user236@example.com,2022-08-25,4328.57
237,Bob,Taylor,user237@example.com,2022-08-26,2392.39
238,Carol,Smith,user238@example.com,2022-08-27,4842.56
239,David,Brown,user239@example.com,2022-08-28,968.35
240,Bob,Smith,user240@example.com,2022-08-29,4349.68
241,Carol,Taylor,user241@example.com,2022-08-30,3894.15
242,David,Brown,user242@example.com,2022-08-31,3866.06
243,Alice,Brown,user243@example.com,2022-09-01,4231.68
244,Carol,Brown,user244@example.com,2022-09-02,3817.07
245,Bob,Taylor,user245@example.com,2022-09-03,3149.79
246,Alice,Jones,user246@example.com,2022-09-04,699.66
247,Alice,Jones,user247@example.com,2022-09-05,211.0
248,Alice,Jones,user248@example.com,2022-09-06,4608.2
249,Carol,Taylor,user249@example.com,2022-09-07,3102.42
250,Bob,Brown,user250@example.com,2022-09-08,3992.86
251,Alice,Jones,user251@example.com,2022-09-09,2433.54
252,David,Taylor,user252@example.com,2022-09-10,630.68
253,Alice,Jones,user253@example.com,2022-09-11,669.67
254,Alice,Smith,user254@example.com,2022-09-12,3443.55
255,Carol,Jones,user255@example.com,2022-09-13,2180.01
256,Carol,Jones,user256@example.com,2022-09-14,1042.6
257,Bob,Brown,user257@example.com,2022-09-15,2483.39
258,David,Taylor,user258@example.com,2022-09-16,367.83
259,Carol,Brown,user259@example.com,2022-09-17,2930.76
260,Alice,Brown,user260@example.com,2022-09-18,1381.52
261,Bob,Brown,user261@example.com,2022-09-19,3997.92
262,Alice,Brown,user262@example.com,2022-09-20,1586.29
263,Alice,Brown,user263@example.com,2022-09-21,2303.34
264,Carol,Jones,user264@example.com,2022-09-22,107.52
265,Bob,Brown,user265@example.com,2022-09-23,408.61
266,David,Brown,user266@example.com,2022-09-24,1992.84
267,David,Taylor,user267@example.com,2022-09-25,2425.7
268,Carol,Smith,user268@example.com,2022-09-26,3020.1
269,Carol,Jones,user269@example.com,2022-09-27,1493.73
270,Bob,Jones,user270@example.com,2022-09-28,3490.16
271,David,Jones,user271@example.com,2022-09-29,4307.61
272,David,Brown,user272@example.com,2022-09-30,3910.26
273,David,Brown,user273@example.com,2022-10-01,246.11
274,Alice,Brown,user274@example.com,2022-10-02,2428.51
275,David,Taylor,user275@example.com,2022-10-03,569.4
276,Alice,Smith,user276@example.com,2022-10-04,1248.12
277,Bob,Brown,user277@example.com,2022-10-05,4933.98
278,Alice,Smith,user278@example.com,2022-10-06,755.35
279,Bob,Taylor,user279@example.com,2022-10-07,2519.5
280,David,Jones,user280@example.com,2022-10-08,3109.87
281,David,Brown,user281@example.com,2022-10-09,3527.2
282,Bob,Smith,user282@example.com,2022-10-10,2820.26
283,Carol,Smith,user283@example.com,2022-10-11,98.37
284,Bob,Brown,user284@example.com,2022-10-12,1665.98
285,Carol,Jones,user285@example.com,2022-10-13,2612.67
286,Alice,Jones,user286@example.com,2022-10-14,484.94
287,Alice,Jones,user287@example.com,2022-10-15,1785.6
288,Alice,Taylor,user288@example.com,2022-10-16,214.36
289,David,Smith,user289@example.com,2022-10-17,438.96
290,Alice,Smith,user290@example.com,2022-10-18,2014.77
291,Carol,Smith,user291@example.com,2022-10-19,706.94
292,Alice,Taylor,user292@example.com,2022-10-20,2859.33
293,Bob,Smith,user293@example.com,2022-10-21,3462.85
294,Bob,Taylor,user294@example.com,2022-10-22,4012.9
295,David,Jones,user295@example.com,2022-10-23,1040.74
296,Bob,Brown,user296@example.com,2022-10-24,879.04
297,Carol,Smith,user297@example.com,2022-10-25,567.61
298,Alice,Smith,user298@example.com,2022-10-26,3200.33
299,David,Jones,user299@example.com,2022-10-27,3547.05
300,Alice,Brown,user300@example.com,2022-10-28,206.35
301,Alice,Taylor,user301@example.com,2022-10-29,4684.25
302,Carol,Brown,user302@example.com,2022-10-30,307.26
303,Bob,Jones,user303@example.com,2022-10-31,2729.42
304,Bob,Jones,user304@example.com,2022-11-01,3559.85
305,Alice,Brown,user305@example.com,2022-11-02,4361.3
306,David,Taylor,user306@example.com,2022-11-03,3584.73
307,Bob,Taylor,user307@example.com,2022-11-04,4018.55
308,David,Smith,user308@example.com,2022-11-05,1730.28
309,Bob,Taylor,user309@example.com,2022-11-06,4083.38
310,David,Brown,user310@example.com,2022-11-07,446.57
311,Carol,Jones,user311@example.com,2022-11-08,4479.34
312,David,Smith,user312@example.com,2022-11-09,2760.58
313,Carol,Smith,user313@example.com,2022-11-10,4095.62
314,Carol,Jones,user314@example.com,2022-11-11,2288.98
315,David,Taylor,user315@example.com,2022-11-12,3235.71
316,Carol,Jones,user316@example.com,2022-11-13,2655.69
317,Alice,Taylor,user317@example.com,2022-11-14,3671.37
318,Carol,Jones,user318@example.com,2022-11-15,454.07
319,Bob,Brown,user319@example.com,2022-11-16,348.74
320,David,Taylor,user320@example.com,2022-11-17,1273.16
321,Alice,Brown,user321@example.com,2022-11-18,839.75
322,David,Smith,user322@example.com,2022-11-19,4365.33
323,Bob,Jones,user323@example.com,2022-11-20,1135.11
324,Bob,Smith,user324@example.com,2022-11-21,4880.53
325,Bob,Smith,user325@example.com,2022-11-22,1717.63
326,Carol,Smith,user326@example.com,2022-11-23,951.48
327,Carol,Smith,user327@example.com,2022-11-24,3959.01
328,David,Jones,user328@example.com,2022-11-25,3310.6
329,David,Smith,user329@example.com,2022-11-26,2516.07
330,Alice,Jones,user330@example.com,2022-11-27,2799.05
331,Alice,Jones,user331@example.com,2022-11-28,3610.05
332,David,Brown,user332@example.com,2022-11-29,1180.85
333,Carol,Taylor,user333@example.com,2022-11-30,4981.85
334,Bob,Taylor,user334@example.com,2022-12-01,4875.23
335,David,Jones,user335@example.com,2022-12-02,3269.11
336,Alice,Brown,user336@example.com,2022-12-03,1037.74
337,Carol,Jones,user337@example.com,2022-12-04,3417.13
338,David,Jones,user338@example.com,2022-12-05,407.38
339,David,Jones,user339@example.com,2022-12-06,201.73
340,Carol,Brown,user340@example.com,2022-12-07,1325.53
341,David,Taylor,user341@example.com,2022-12-08,2339.98
342,Carol,Brown,user342@example.com,2022-12-09,4347.95
343,Bob,Smith,user343@example.com,2022-12-10,3649.49
344,Carol,Brown,user344@example.com,2022-12-11,3726.4
345,Carol,Brown,user345@example.com,2022-12-12,2156.19
346,Carol,Brown,user346@example.com,2022-12-13,1762.38
347,David,Brown,user347@example.com,2022-12-14,1886.64
348,David,Taylor,user348@example.com,2022-12-15,4938.87
349,Carol,Smith,user349@example.com,2022-12-16,248.54
350,David,Taylor,user350@example.com,2022-12-17,4341.81
351,Alice,Taylor,user351@example.com,2022-12-18,2914.44
352,Alice,Brown,user352@example.com,2022-12-19,2221.15
353,David,Jones,user353@example.com,2022-12-20,3640.03
354,David,Jones,user354@example.com,2022-12-21,2459.01
355,Carol,Taylor,user355@example.com,2022-12-22,4373.45
356,Bob,Taylor,user356@example.com,2022-12-23,4508.47
357,David,Brown,user357@example.com,2022-12-24,2137.52
358,Alice,Taylor,user358@example.com,2022-12-25,1420.3
359,Carol,Brown,user359@example.com,2022-12-26,2982.13
360,David,Jones,user360@example.com,2022-12-27,4566.2
361,Alice,Jones,user361@example.com,2022-12-28,1092.78
362,Alice,Smith,user362@example.com,2022-12-29,3133.68
363,Bob,Jones,user363@example.com,2022-12-30,3176.22
364,Carol,Taylor,user364@example.com,2022-12-31,3678.91
365,Carol,Jones,user365@example.com,2023-01-01,701.26
366,Bob,Brown,user366@example.com,2023-01-02,3593.33
367,Bob,Jones,user367@example.com,2023-01-03,4549.71
368,Carol,Smith,user368@example.com,2023-01-04,939.43
369,Carol,Jones,user369@example.com,2023-01-05,1225.84
370,David,Brown,user370@example.com,2023-01-06,4858.41
371,David,Brown,user371@example.com,2023-01-07,945.84
372,Bob,Taylor,user372@example.com,2023-01-08,4279.21
373,David,Jones,user373@example.com,2023-01-09,2486.78
374,Alice,Brown,user374@example.com,2023-01-10,1273.79
375,David,Smith,user375@example.com,2023-01-11,4360.21
376,David,Taylor,user376@example.com,2023-01-12,2254.26
377,Alice,Smith,user377@example.com,2023-01-13,2598.35
378,Bob,Jones,user378@example.com,2023-01-14,1828.21
379,Alice,Jones,user379@example.com,2023-01-15,2985.11
380,David,Jones,user380@example.com,2023-01-16,859.44
381,Bob,Taylor,user381@example.com,2023-01-17,1985.85
382,David,Brown,user382@example.com,2023-01-18,4848.59
383,Alice,Taylor,user383@example.com,2023-01-19,1327.76
384,Alice,Smith,user384@example.com,2023-01-20,3300.85
385,David,Taylor,user385@example.com,2023-01-21,1659.69
386,Carol,Smith,user386@example.com,2023-01-22,3878.69
387,Carol,Taylor,user387@example.com,2023-01-23,697.82
388,Alice,Brown,user388@example.com,2023-01-24,4850.61
389,Alice,Smith,user389@example.com,2023-01-25,2296.26
390,Carol,Jones,user390@example.com,2023-01-26,1218.45
391,Carol,Jones,user391@example.com,2023-01-27,413.81
392,David,Taylor,user392@example.com,2023-01-28,890.3
393,David,Jones,user393@example.com,2023-01-29,2622.88
394,Carol,Smith,user394@example.com,2023-01-30,1718.17
395,David,Jones,user395@example.com,2023-01-31,4152.97
396,David,Brown,user396@example.com,2023-02-01,2182.89
397,Bob,Brown,user397@example.com,2023-02-02,1281.14
398,David,Taylor,user398@example.com,2023-02-03,3104.87
399,Alice,Smith,user399@example.com,2023-02-04,3548.55
400,David,Brown,user400@example.com,2023-02-05,876.86
401,David,Brown,user401@example.com,2023-02-06,879.72
402,Carol,Smith,user402@example.com,2023-02-07,231.52
403,Alice,Jones,user403@example.com,2023-02-08,3695.19
404,David,Jones,user404@example.com,2023-02-09,3335.83
405,David,Taylor,user405@example.com,2023-02-10,2399.42
406,Bob,Jones,user406@example.com,2023-02-11,4228.64
407,David,Smith,user407@example.com,2023-02-12,4038.07
408,David,Brown,user408@example.com,2023-02-13,2947.5
409,Bob,Jones,user409@example.com,2023-02-14,4347.94
410,Carol,Taylor,user410@example.com,2023-02-15,1068.91
411,David,Jones,user411@example.com,2023-02-16,604.0
412,Bob,Smith,user412@example.com,2023-02-17,1385.26
413,Alice,Taylor,user413@example.com,2023-02-18,332.58
414,Carol,Jones,user414@example.com,2023-02-19,2679.29
415,Alice,Taylor,user415@example.com,2023-02-20,4686.2
416,Alice,Smith,user416@example.com,2023-02-21,244.75
417,Bob,Brown,user417@example.com,2023-02-22,654.44
418,David,Smith,user418@example.com,2023-02-23,2288.39
419,Bob,Smith,user419@example.com,2023-02-24,4672.68
420,Bob,Smith,user420@example.com,2023-02-25,1614.97
421,Bob,Smith,user421@example.com,2023-02-26,2560.81
422,Bob,Brown,user422@example.com,2023-02-27,255.79
423,Carol,Brown,user423@example.com,2023-02-28,784.3
424,David,Taylor,user424@example.com,2023-03-01,4933.82
425,Alice,Jones,user425@example.com,2023-03-02,4827.34
426,Alice,Brown,user426@example.com,2023-03-03,74.45
427,David,Brown,user427@example.com,2023-03-04,4761.47
428,Alice,Jones,user428@example.com,2023-03-05,3213.64
429,David,Brown,user429@example.com,2023-03-06,4346.2
430,Alice,Smith,user430@example.com,2023-03-07,2300.96
431,Bob,Smith,user431@example.com,2023-03-08,2602.2
432,Alice,Jones,user432@example.com,2023-03-09,2469.79
433,David,Taylor,user433@example.com,2023-03-10,3350.98
434,David,Taylor,user434@example.com,2023-03-11,741.27
435,David,Jones,user435@example.com,2023-03-12,198.37
436,David,Jones,user436@example.com,2023-03-13,1574.25
437,David,Smith,user437@example.com,2023-03-14,3538.17
438,Carol,Taylor,user438@example.com,2023-03-15,1049.17
439,Carol,Brown,user439@example.com,2023-03-16,3383.49
440,Alice,Smith,user440@example.com,2023-03-17,4851.06
441,David,Jones,user441@example.com,2023-03-18,514.81
442,Alice,Taylor,user442@example.com,2023-03-19,3379.38
443,David,Brown,user443@example.com,2023-03-20,2246.56
444,David,Brown,user444@example.com,2023-03-21,4347.3
445,Carol,Smith,user445@example.com,2023-03-22,926.89
446,Carol,Taylor,user446@example.com,2023-03-23,3478.5
447,Bob,Taylor,user447@example.com,2023-03-24,4198.67
448,Carol,Jones,user448@example.com,2023-03-25,4725.84
449,Bob,Taylor,user449@example.com,2023-03-26,3432.08
450,Bob,Taylor,user450@example.com,2023-03-27,2511.02
451,Bob,Smith,user451@example.com,2023-03-28,3108.34
452,Bob,Taylor,user452@example.com,2023-03-29,4351.08
453,Bob,Brown,user453@example.com,2023-03-30,2874.52
454,Alice,Smith,user454@example.com,2023-03-31,200.42
455,Carol,Smith,user455@example.com,2023-04-01,4658.2
456,Bob,Jones,user456@example.com,2023-04-02,3463.16
457,David,Taylor,user457@example.com,2023-04-03,3398.74
458,Carol,Jones,user458@example.com,2023-04-04,1117.59
459,Carol,Brown,user459@example.com,2023-04-05,3311.48
460,Bob,Smith,user460@example.com,2023-04-06,1999.63
461,Alice,Smith,user461@example.com,2023-04-07,3273.6
462,Bob,Smith,user462@example.com,2023-04-08,577.64
463,Alice,Brown,user463@example.com,2023-04-09,3306.33
464,David,Brown,user464@example.com,2023-04-10,4997.1
465,Carol,Jones,user465@example.com,2023-04-11,288.65
466,David,Jones,user466@example.com,2023-04-12,4887.01
467,Alice,Jones,user467@example.com,2023-04-13,2064.19
468,Alice,Taylor,user468@example.com,2023-04-14,4360.23
469,David,Smith,user469@example.com,2023-04-15,3922.81
470,Alice,Smith,user470@example.com,2023-04-16,2856.73
471,David,Jones,user471@example.com,2023-04-17,3705.32
472,Carol,Smith,user472@example.com,2023-04-18,4398.65
473,David,Jones,user473@example.com,2023-04-19,2050.49
474,Carol,Taylor,user474@example.com,2023-04-20,1668.81
475,David,Taylor,user475@example.com,2023-04-21,3354.59
476,Alice,Brown,user476@example.com,2023-04-22,4048.84
477,David,Taylor,user477@example.com,2023-04-23,3823.31
478,Alice,Jones,user478@example.com,2023-04-24,3999.18
479,David,Taylor,user479@example.com,2023-04-25,2206.14
480,David,Brown,user480@example.com,2023-04-26,4098.28
481,Bob,Smith,user481@example.com,2023-04-27,645.03
482,Alice,Jones,user482@example.com,2023-04-28,2745.22
483,Bob,Smith,user483@example.com,2023-04-29,78.51
484,Alice,Brown,user484@example.com,2023-04-30,1656.7
485,Bob,Brown,user485@example.com,2023-05-01,1863.98
486,Carol,Brown,user486@example.com,2023-05-02,2011.05
487,David,Smith,user487@example.com,2023-05-03,3492.56
488,Alice,Smith,user488@example.com,2023-05-04,1973.36
489,Alice,Smith,user489@example.com,2023-05-05,2271.03
490,David,Smith,user490@example.com,2023-05-06,1225.84
491,Alice,Brown,user491@example.com,2023-05-07,1897.6
492,Alice,Brown,user492@example.com,2023-05-08,1174.98
493,Bob,Jones,user493@example.com,2023-05-09,412.32
494,Alice,Jones,user494@example.com,2023-05-10,3037.07
495,Carol,Smith,user495@example.com,2023-05-11,3357.65
496,Carol,Taylor,user496@example.com,2023-05-12,3116.48
497,David,Taylor,user497@example.com,2023-05-13,2344.3
498,Alice,Brown,user498@example.com,2023-05-14,1929.94
499,David,Brown,user499@example.com,2023-05-15,4323.5
500,Carol,Brown,user500@example.com,2023-05-16,2619.45
501,Alice,Jones,user501@example.com,2023-05-17,2421.95
502,Alice,Jones,user502@example.com,2023-05-18,176.93
503,David,Brown,user503@example.com,2023-05-19,1739.18
504,Carol,Brown,user504@example.com,2023-05-20,1931.97
505,Alice,Brown,user505@example.com,2023-05-21,2024.17
506,David,Taylor,user506@example.com,2023-05-22,2921.85
507,Carol,Jones,user507@example.com,2023-05-23,2691.33
508,David,Taylor,user508@example.com,2023-05-24,3059.13
509,Bob,Taylor,user509@example.com,2023-05-25,3836.17
510,Alice,Brown,user510@example.com,2023-05-26,4074.28
511,Bob,Brown,user511@example.com,2023-05-27,3604.71
512,Carol,Smith,user512@example.com,2023-05-28,4779.84
513,Bob,Smith,user513@example.com,2023-05-29,140.25
514,Bob,Taylor,user514@example.com,2023-05-30,1019.1
515,Carol,Jones,user515@example.com,2023-05-31,87.44
516,David,Brown,user516@example.com,2023-06-01,3255.0
517,Bob,Brown,user517@example.com,2023-06-02,4495.25
518,David,Taylor,user518@example.com,2023-06-03,1255.24
519,Bob,Smith,user519@example.com,2023-06-04,4638.82
520,David,Jones,user520@example.com,2023-06-05,348.32
521,Carol,Smith,user521@example.com,2023-06-06,4675.46
522,Bob,Smith,user522@example.com,2023-06-07,1790.53
523,Carol,Smith,user523@example.com,2023-06-08,552.03
524,Bob,Smith,user524@example.com,2023-06-09,2455.07
525,Carol,Brown,user525@example.com,2023-06-10,1321.04
526,Carol,Brown,user526@example.com,2023-06-11,1460.12
527,Bob,Smith,user527@example.com,2023-06-12,1571.09
528,Bob,Jones,user528@example.com,2023-06-13,4024.98
529,Bob,Taylor,user529@example.com,2023-06-14,2718.85
530,Alice,Jones,user530@example.com,2023-06-15,1590.97
531,David,Jones,user531@example.com,2023-06-16,3071.15
532,Alice,Jones,user532@example.com,2023-06-17,3594.95
533,Alice,Smith,user533@example.com,2023-06-18,1399.49
534,Carol,Brown,user534@example.com,2023-06-19,2097.07
535,Bob,Jones,user535@example.com,2023-06-20,653.34
536,David,Smith,user536@example.com,2023-06-21,946.69
537,Carol,Jones,user537@example.com,2023-06-22,3421.53
538,Alice,Jones,user538@example.com,2023-06-23,948.12
539,Bob,Smith,user539@example.com,2023-06-24,2649.56
540,Carol,Brown,user540@example.com,2023-06-25,3559.78
541,Bob,Brown,user541@example.com,2023-06-26,579.04
542,Carol,Taylor,user542@example.com,2023-06-27,2858.2
543,Bob,Smith,user543@example.com,2023-06-28,1319.99
544,Alice,Taylor,user544@example.com,2023-06-29,4816.49
545,David,Taylor,user545@example.com,2023-06-30,2443.55
546,Alice,Taylor,user546@example.com,2023-07-01,4039.66
547,David,Brown,user547@example.com,2023-07-02,2773.62
548,Bob,Smith,user548@example.com,2023-07-03,264.89
549,Carol,Taylor,user549@example.com,2023-07-04,3184.1
550,Alice,Smith,user550@example.com,2023-07-05,4759.45
551,David,Smith,user551@example.com,2023-07-06,3027.98
552,Alice,Brown,user552@example.com,2023-07-07,4104.98
553,David,Taylor,user553@example.com,2023-07-08,4426.82
554,Alice,Taylor,user554@example.com,2023-07-09,1178.99
555,David,Smith,user555@example.com,2023-07-10,1099.62
556,David,Jones,user556@example.com,2023-07-11,3074.36
557,Bob,Brown,user557@example.com,2023-07-12,2084.59
558,David,Brown,user558@example.com,2023-07-13,4207.31
559,Bob,Brown,user559@example.com,2023-07-14,4505.11
560,David,Brown,user560@example.com,2023-07-15,1799.44
561,Carol,Taylor,user561@example.com,2023-07-16,1222.51
562,Carol,Taylor,user562@example.com,2023-07-17,3913.6
563,Carol,Jones,user563@example.com,2023-07-18,1410.29
564,David,Brown,user564@example.com,2023-07-19,4121.94
565,Bob,Brown,user565@example.com,2023-07-20,2147.5
566,Bob,Smith,user566@example.com,2023-07-21,3354.37
567,David,Taylor,user567@example.com,2023-07-22,522.9
568,Carol,Brown,user568@example.com,2023-07-23,3138.1
569,Carol,Jones,user569@example.com,2023-07-24,2286.25
570,Bob,Jones,user570@example.com,2023-07-25,2953.71
571,Carol,Taylor,user571@example.com,2023-07-26,881.67
572,Alice,Jones,user572@example.com,2023-07-27,3697.53
573,Bob,Jones,user573@example.com,2023-07-28,4320.85
574,Carol,Taylor,user574@example.com,2023-07-29,1122.86
575,Bob,Brown,user575@example.com,2023-07-30,523.79
576,Alice,Brown,user576@example.com,2023-07-31,167.01
577,Bob,Jones,user577@example.com,2023-08-01,3227.76
578,Bob,Jones,user578@example.com,2023-08-02,3055.12
579,Bob,Brown,user579@example.com,2023-08-03,2756.15
580,Bob,Taylor,user580@example.com,2023-08-04,1198.14
581,Alice,Jones,user581@example.com,2023-08-05,1984.98
582,David,Smith,user582@example.com,2023-08-06,2992.66
583,Bob,Taylor,user583@example.com,2023-08-07,2509.0
584,Bob,Jones,user584@example.com,2023-08-08,4939.54
585,Carol,Jones,user585@example.com,2023-08-09,725.38
586,Bob,Smith,user586@example.com,2023-08-10,3490.97
587,Carol,Smith,user587@example.com,2023-08-11,2051.38
588,David,Brown,user588@example.com,2023-08-12,2169.59
589,Alice,Taylor,user589@example.com,2023-08-13,3602.11
590,Alice,Taylor,user590@example.com,2023-08-14,3477.56
591,David,Brown,user591@example.com,2023-08-15,4956.72
592,Alice,Taylor,user592@example.com,2023-08-16,685.55
593,David,Taylor,user593@example.com,2023-08-17,565.34
594,David,Taylor,user594@example.com,2023-08-18,3635.48
595,David,Taylor,user595@example.com,2023-08-19,2913.02
596,Alice,Taylor,user596@example.com,2023-08-20,1407.1
597,Carol,Smith,user597@example.com,2023-08-21,443.13
598,David,Taylor,user598@example.com,2023-08-22,474.01
599,Bob,Smith,user599@example.com,2023-08-23,4476.24
600,Alice,Taylor,user600@example.com,2023-08-24,999.74
601,David,Brown,user601@example.com,2023-08-25,1650.69
602,David,Jones,user602@example.com,2023-08-26,1171.95
603,Bob,Smith,user603@example.com,2023-08-27,1807.23
604,Carol,Taylor,user604@example.com,2023-08-28,393.65
605,Carol,Brown,user605@example.com,2023-08-29,2619.35
606,Carol,Jones,user606@example.com,2023-08-30,384.68
607,David,Smith,user607@example.com,2023-08-31,4011.76
608,David,Jones,user608@example.com,2023-09-01,1206.87
609,David,Brown,user609@example.com,2023-09-02,2723.06
610,Alice,Smith,user610@example.com,2023-09-03,4406.39
611,Bob,Jones,user611@example.com,2023-09-04,3271.84
612,David,Taylor,user612@example.com,2023-09-05,2688.14
613,Bob,Smith,user613@example.com,2023-09-06,1655.45
614,Bob,Jones,user614@example.com,2023-09-07,1698.36
615,Carol,Brown,user615@example.com,2023-09-08,3363.96
616,Alice,Brown,user616@example.com,2023-09-09,4970.99
617,David,Smith,user617@example.com,2023-09-10,3326.1
618,Carol,Jones,user618@example.com,2023-09-11,2811.03
619,Carol,Smith,user619@example.com,2023-09-12,3666.72
620,David,Smith,user620@example.com,2023-09-13,2352.77
621,Bob,Jones,user621@example.com,2023-09-14,347.7
622,Carol,Jones,user622@example.com,2023-09-15,2833.37
623,Bob,Taylor,user623@example.com,2023-09-16,4790.25
624,Alice,Jones,user624@example.com,2023-09-17,917.75
625,Bob,Brown,user625@example.com,2023-09-18,3465.52
626,Alice,Smith,user626@example.com,2023-09-19,1044.62
627,Bob,Smith,user627@example.com,2023-09-20,2702.35
628,Carol,Brown,user628@example.com,2023-09-21,528.55
629,Carol,Jones,user629@example.com,2023-09-22,2279.34
630,Alice,Brown,user630@example.com,2023-09-23,3793.01
631,David,Brown,user631@example.com,2023-09-24,1770.48
632,Alice,Taylor,user632@example.com,2023-09-25,3341.31
633,Alice,Brown,user633@example.com,2023-09-26,3987.48
634,Bob,Smith,user634@example.com,2023-09-27,4639.53
635,Bob,Brown,user635@example.com,2023-09-28,1211.48
636,Alice,Smith,user636@example.com,2023-09-29,2026.61
637,Carol,Smith,user637@example.com,2023-09-30,804.46
638,Bob,Smith,user638@example.com,2023-10-01,4962.79
639,David,Jones,user639@example.com,2023-10-02,4638.65
640,Bob,Taylor,user640@example.com,2023-10-03,2722.79
641,Bob,Smith,user641@example.com,2023-10-04,4218.06
642,David,Smith,user642@example.com,2023-10-05,2628.74
643,Alice,Jones,user643@example.com,2023-10-06,3136.75
644,David,Smith,user644@example.com,2023-10-07,491.17
645,Alice,Brown,user645@example.com,2023-10-08,3788.59
646,Alice,Brown,user646@example.com,2023-10-09,682.18
647,Alice,Taylor,user647@example.com,2023-10-10,4139.03
648,David,Smith,user648@example.com,2023-10-11,3921.04
649,Alice,Jones,user649@example.com,2023-10-12,3558.29
650,Carol,Brown,user650@example.com,2023-10-13,228.99
651,David,Jones,user651@example.com,2023-10-14,1550.49
652,Carol,Jones,user652@example.com,2023-10-15,1352.41
653,Alice,Brown,user653@example.com,2023-10-16,1832.68
654,Bob,Jones,user654@example.com,2023-10-17,483.83
655,Alice,Brown,user655@example.com,2023-10-18,4687.94
656,Carol,Jones,user656@example.com,2023-10-19,2791.32
657,Carol,Brown,user657@example.com,2023-10-20,1562.35
658,David,Smith,user658@example.com,2023-10-21,2015.06
659,Bob,Taylor,user659@example.com,2023-10-22,2263.65
660,David,Brown,user660@example.com,2023-10-23,3022.94
661,Carol,Brown,user661@example.com,2023-10-24,2602.61
662,Alice,Taylor,user662@example.com,2023-10-25,4600.99
663,Bob,Brown,user663@example.com,2023-10-26,2509.97
664,Alice,Brown,user664@example.com,2023-10-27,4961.18
665,Alice,Jones,user665@example.com,2023-10-28,4264.55
666,Bob,Taylor,user666@example.com,2023-10-29,1082.13
667,David,Smith,user667@example.com,2023-10-30,4656.45
668,Alice,Brown,user668@example.com,2023-10-31,626.01
669,Carol,Taylor,user669@example.com,2023-11-01,4096.38
670,Alice,Jones,user670@example.com,2023-11-02,1934.09
671,Bob,Smith,user671@example.com,2023-11-03,4395.97
672,Bob,Taylor,user672@example.com,2023-11-04,4346.88
673,Bob,Smith,user673@example.com,2023-11-05,4039.33
674,David,Smith,user674@example.com,2023-11-06,3960.65
675,Alice,Smith,user675@example.com,2023-11-07,1558.16
676,David,Brown,user676@example.com,2023-11-08,450.55
677,David,Brown,user677@example.com,2023-11-09,2044.75
678,Bob,Jones,user678@example.com,2023-11-10,908.95
679,Bob,Jones,user679@example.com,2023-11-11,3490.01
680,David,Taylor,user680@example.com,2023-11-12,1763.19
681,Alice,Jones,user681@example.com,2023-11-13,4879.27
682,Carol,Smith,user682@example.com,2023-11-14,3222.81
683,David,Smith,user683@example.com,2023-11-15,4121.28
684,Alice,Brown,user684@example.com,2023-11-16,706.0
685,Bob,Smith,user685@example.com,2023-11-17,4316.97
686,Bob,Taylor,user686@example.com,2023-11-18,4617.65
687,Alice,Smith,user687@example.com,2023-11-19,2460.96
688,Carol,Smith,user688@example.com,2023-11-20,3050.95
689,Bob,Taylor,user689@example.com,2023-11-21,3835.81
690,Bob,Jones,user690@example.com,2023-11-22,915.45
691,Bob,Jones,user691@example.com,2023-11-23,2537.7
692,Alice,Taylor,user692@example.com,2023-11-24,2023.38
693,David,Brown,user693@example.com,2023-11-25,774.55
694,Bob,Smith,user694@example.com,2023-11-26,1869.3
695,David,Taylor,user695@example.com,2023-11-27,387.45
696,Carol,Smith,user696@example.com,2023-11-28,177.77
697,Bob,Brown,user697@example.com,2023-11-29,719.07
698,Bob,Smith,user698@example.com,2023-11-30,4817.42
699,Carol,Taylor,user699@example.com,2023-12-01,2770.17
700,Bob,Smith,user700@example.com,2023-12-02,4830.82
701,David,Jones,user701@example.com,2023-12-03,2190.86
702,Alice,Brown,user702@example.com,2023-12-04,1593.49
703,David,Brown,user703@example.com,2023-12-05,2555.4
704,Alice,Brown,user704@example.com,2023-12-06,2225.58
705,Alice,Taylor,user705@example.com,2023-12-07,573.04
706,David,Brown,user706@example.com,2023-12-08,3222.09
707,David,Jones,user707@example.com,2023-12-09,1119.39
708,David,Taylor,user708@example.com,2023-12-10,3116.96
709,David,Jones,user709@example.com,2023-12-11,3268.5
710,Carol,Smith,user710@example.com,2023-12-12,802.52
711,Bob,Smith,user711@example.com,2023-12-13,353.68
712,Alice,Smith,user712@example.com,2023-12-14,3914.77
713,David,Smith,user713@example.com,2023-12-15,2326.01
714,David,Jones,user714@example.com,2023-12-16,337.91
715,David,Taylor,user715@example.com,2023-12-17,4974.59
716,Carol,Taylor,user716@example.com,2023-12-18,336.01
717,David,Brown,user717@example.com,2023-12-19,3490.42
718,David,Jones,user718@example.com,2023-12-20,4919.21
719,David,Smith,user719@example.com,2023-12-21,1233.94
720,Bob,Jones,user720@example.com,2023-12-22,754.13
721,Carol,Brown,user721@example.com,2023-12-23,650.86
722,David,Brown,user722@example.com,2023-12-24,1551.21
723,Alice,Jones,user723@example.com,2023-12-25,550.18
724,Alice,Jones,user724@example.com,2023-12-26,3476.2
725,Alice,Jones,user725@example.com,2023-12-27,358.34
726,Carol,Taylor,user726@example.com,2023-12-28,2571.64
727,Carol,Smith,user727@example.com,2023-12-29,4983.65
728,Alice,Jones,user728@example.com,2023-12-30,4079.15
729,David,Jones,user729@example.com,2023-12-31,3095.34
730,Carol,Jones,user730@example.com,2024-01-01,1565.96
731,Alice,Brown,user731@example.com,2024-01-02,3138.28
732,Alice,Brown,user732@example.com,2024-01-03,2658.86
733,David,Taylor,user733@example.com,2024-01-04,2159.11
734,Bob,Smith,user734@example.com,2024-01-05,697.02
735,Carol,Taylor,user735@example.com,2024-01-06,4438.69
736,David,Smith,user736@example.com,2024-01-07,2276.43
737,Alice,Brown,user737@example.com,2024-01-08,1013.38
738,Alice,Brown,user738@example.com,2024-01-09,1870.41
739,David,Brown,user739@example.com,2024-01-10,2099.94
740,Carol,Taylor,user740@example.com,2024-01-11,4146.31
741,Bob,Jones,user741@example.com,2024-01-12,3681.39
742,Bob,Jones,user742@example.com,2024-01-13,3858.06
743,Alice,Brown,user743@example.com,2024-01-14,104.6
744,Carol,Jones,user744@example.com,2024-01-15,2109.96
745,Bob,Jones,user745@example.com,2024-01-16,2432.65
746,Carol,Taylor,user746@example.com,2024-01-17,145.0
747,Carol,Smith,user747@example.com,2024-01-18,1336.08
748,Alice,Brown,user748@example.com,2024-01-19,3813.43
749,Bob,Brown,user749@example.com,2024-01-20,728.69
750,David,Taylor,user750@example.com,2024-01-21,2699.79
751,Alice,Taylor,user751@example.com,2024-01-22,1115.25
752,Bob,Jones,user752@example.com,2024-01-23,110.0
753,Bob,Brown,user753@example.com,2024-01-24,1243.95
754,Bob,Smith,user754@example.com,2024-01-25,4880.58
755,Bob,Taylor,user755@example.com,2024-01-26,4017.61
756,Bob,Smith,user756@example.com,2024-01-27,4799.9
757,Carol,Smith,user757@example.com,2024-01-28,2464.88
758,Alice,Brown,user758@example.com,2024-01-29,593.19
759,Carol,Brown,user759@example.com,2024-01-30,2762.4
760,David,Taylor,user760@example.com,2024-01-31,2299.17
761,Bob,Brown,user761@example.com,2024-02-01,4229.57
762,Alice,Brown,user762@example.com,2024-02-02,535.51
763,Bob,Brown,user763@example.com,2024-02-03,2466.79
764,Alice,Smith,user764@example.com,2024-02-04,792.74
765,Carol,Taylor,user765@example.com,2024-02-05,1657.15
766,Alice,Jones,user766@example.com,2024-02-06,3699.92
767,David,Smith,user767@example.com,2024-02-07,2406.29
768,David,Brown,user768@example.com,2024-02-08,1910.65
769,Alice,Smith,user769@example.com,2024-02-09,2002.66
770,Alice,Brown,user770@example.com,2024-02-10,2324.26
771,Alice,Brown,user771@example.com,2024-02-11,3935.83
772,Alice,Smith,user772@example.com,2024-02-12,4465.82
773,David,Taylor,user773@example.com,2024-02-13,4778.91
774,Bob,Brown,user774@example.com,2024-02-14,3945.17
775,Alice,Taylor,user775@example.com,2024-02-15,1611.26
776,Alice,Jones,user776@example.com,2024-02-16,3456.27
777,David,Brown,user777@example.com,2024-02-17,2216.14
778,David,Taylor,user778@example.com,2024-02-18,1310.62
779,Carol,Taylor,user779@example.com,2024-02-19,4212.31
780,Alice,Jones,user780@example.com,2024-02-20,240.21
781,Carol,Taylor,user781@example.com,2024-02-21,4513.72
782,David,Taylor,user782@example.com,2024-02-22,2334.31
783,David,Jones,user783@example.com,2024-02-23,3204.15
784,Bob,Brown,user784@example.com,2024-02-24,3313.8
785,Alice,Taylor,user785@example.com,2024-02-25,4480.83
786,Carol,Taylor,user786@example.com,2024-02-26,3201.51
787,David,Taylor,user787@example.com,2024-02-27,3088.97
788,David,Smith,user788@example.com,2024-02-28,379.93
789,Carol,Jones,user789@example.com,2024-02-29,2616.12
790,Bob,Smith,user790@example.com,2024-03-01,793.34
791,David,Jones,user791@example.com,2024-03-02,3700.3
792,Alice,Brown,user792@example.com,2024-03-03,2585.5
793,David,Brown,user793@example.com,2024-03-04,3417.13
794,Alice,Taylor,user794@example.com,2024-03-05,256.28
795,Carol,Jones,user795@example.com,2024-03-06,469.72
796,Alice,Brown,user796@example.com,2024-03-07,3595.8
797,Carol,Jones,user797@example.com,2024-03-08,406.82
798,Alice,Brown,user798@example.com,2024-03-09,402.72
799,Carol,Smith,user799@example.com,2024-03-10,109.94
800,Alice,Brown,user800@example.com,2024-03-11,4784.68
801,Bob,Smith,user801@example.com,2024-03-12,3700.67
802,Alice,Brown,user802@example.com,2024-03-13,1798.59
803,Alice,Taylor,user803@example.com,2024-03-14,1517.85
804,Bob,Smith,user804@example.com,2024-03-15,1781.03
805,David,Brown,user805@example.com,2024-03-16,3884.53
806,David,Taylor,user806@example.com,2024-03-17,3323.78
807,Alice,Smith,user807@example.com,2024-03-18,966.72
808,Bob,Taylor,user808@example.com,2024-03-19,911.84
809,Alice,Jones,user809@example.com,2024-03-20,537.06
810,Carol,Jones,user810@example.com,2024-03-21,3318.5
811,Carol,Smith,user811@example.com,2024-03-22,3833.64
812,Alice,Brown,user812@example.com,2024-03-23,1361.98
813,David,Smith,user813@example.com,2024-03-24,153.68
814,David,Taylor,user814@example.com,2024-03-25,456.75
815,Alice,Brown,user815@example.com,2024-03-26,4840.91
816,Alice,Jones,user816@example.com,2024-03-27,1512.45
817,Carol,Brown,user817@example.com,2024-03-28,3857.65
818,David,Jones,user818@example.com,2024-03-29,3142.08
819,Alice,Brown,user819@example.com,2024-03-30,1940.6
820,Carol,Brown,user820@example.com,2024-03-31,1068.15
821,David,Brown,user821@example.com,2024-04-01,650.86
822,Bob,Taylor,user822@example.com,2024-04-02,3094.31
823,Carol,Taylor,user823@example.com,2024-04-03,3884.44
824,David,Smith,user824@example.com,2024-04-04,3237.33
825,David,Smith,user825@example.com,2024-04-05,2675.0
826,Carol,Jones,user826@example.com,2024-04-06,257.66
827,Bob,Taylor,user827@example.com,2024-04-07,4844.02
828,Carol,Jones,user828@example.com,2024-04-08,4003.64
829,David,Smith,user829@example.com,2024-04-09,1499.47
830,Alice,Jones,user830@example.com,2024-04-10,4900.85
831,Alice,Smith,user831@example.com,2024-04-11,3029.31
832,Carol,Taylor,user832@example.com,2024-04-12,2932.99
833,David,Brown,user833@example.com,2024-04-13,3752.96
834,Alice,Taylor,user834@example.com,2024-04-14,4068.26
835,David,Jones,user835@example.com,2024-04-15,3299.57
836,Carol,Jones,user836@example.com,2024-04-16,684.07
837,Alice,Taylor,user837@example.com,2024-04-17,1724.42
838,David,Taylor,user838@example.com,2024-04-18,4644.01
839,Alice,Smith,user839@example.com,2024-04-19,1161.85
840,Carol,Jones,user840@example.com,2024-04-20,1892.23
841,David,Jones,user841@example.com,2024-04-21,2188.78
842,Alice,Taylor,user842@example.com,2024-04-22,2225.05
843,Carol,Brown,user843@example.com,2024-04-23,3084.05
844,Alice,Jones,user844@example.com,2024-04-24,4718.23
845,Alice,Brown,user845@example.com,2024-04-25,1241.43
846,Bob,Taylor,user846@example.com,2024-04-26,651.43
847,Bob,Taylor,user847@example.com,2024-04-27,1027.48
848,Carol,Smith,user848@example.com,2024-04-28,4440.28
849,Bob,Jones,user849@example.com,2024-04-29,3246.76
850,Carol,Brown,user850@example.com,2024-04-30,1465.24
851,Bob,Smith,user851@example.com,2024-05-01,4088.94
852,Alice,Jones,user852@example.com,2024-05-02,4313.78
853,Carol,Smith,user853@example.com,2024-05-03,4240.25
854,Carol,Taylor,user854@example.com,2024-05-04,4598.69
855,Alice,Jones,user855@example.com,2024-05-05,1298.59
856,Carol,Smith,user856@example.com,2024-05-06,3787.46
857,Carol,Smith,user857@example.com,2024-05-07,2329.67
858,Bob,Brown,user858@example.com,2024-05-08,4217.89
859,Carol,Smith,user859@example.com,2024-05-09,3656.03
860,David,Jones,user860@example.com,2024-05-10,3893.41
861,Alice,Jones,user861@example.com,2024-05-11,3298.0
862,Bob,Brown,user862@example.com,2024-05-12,928.27
863,Bob,Jones,user863@example.com,2024-05-13,2747.88
864,David,Taylor,user864@example.com,2024-05-14,4924.12
865,Alice,Jones,user865@example.com,2024-05-15,4690.07
866,Alice,Jones,user866@example.com,2024-05-16,263.71
867,Bob,Smith,user867@example.com,2024-05-17,865.83
868,Carol,Smith,user868@example.com,2024-05-18,702.06
869,Bob,Jones,user869@example.com,2024-05-19,3643.6
870,Alice,Brown,user870@example.com,2024-05-20,4098.04
871,David,Smith,user871@example.com,2024-05-21,1106.88
872,Bob,Brown,user872@example.com,2024-05-22,2553.97
873,Alice,Jones,user873@example.com,2024-05-23,4211.48
874,Bob,Jones,user874@example.com,2024-05-24,3677.37
875,Carol,Taylor,user875@example.com,2024-05-25,2734.07
876,Bob,Smith,user876@example.com,2024-05-26,2972.22
877,Bob,Jones,user877@example.com,2024-05-27,2566.38
878,Alice,Taylor,user878@example.com,2024-05-28,1522.86
879,Alice,Smith,user879@example.com,2024-05-29,2846.86
880,Alice,Jones,user880@example.com,2024-05-30,3459.98
881,Bob,Jones,user881@example.com,2024-05-31,4372.95
882,Carol,Smith,user882@example.com,2024-06-01,3199.64
883,David,Smith,user883@example.com,2024-06-02,3817.55
884,David,Smith,user884@example.com,2024-06-03,842.35
885,Alice,Jones,user885@example.com,2024-06-04,2334.71
886,Alice,Jones,user886@example.com,2024-06-05,96.19
887,Bob,Taylor,user887@example.com,2024-06-06,1271.06
888,David,Brown,user888@example.com,2024-06-07,3645.99
889,Alice,Smith,user889@example.com,2024-06-08,4959.46
890,Carol,Jones,user890@example.com,2024-06-09,540.93
891,Carol,Jones,user891@example.com,2024-06-10,2037.4
892,Alice,Smith,user892@example.com,2024-06-11,4010.35
893,Alice,Brown,user893@example.com,2024-06-12,1059.98
894,David,Smith,user894@example.com,2024-06-13,2797.67
895,David,Brown,user895@example.com,2024-06-14,3678.7
896,Bob,Jones,user896@example.com,2024-06-15,3099.13
897,David,Brown,user897@example.com,2024-06-16,980.72
898,Carol,Taylor,user898@example.com,2024-06-17,1809.15
899,Carol,Jones,user899@example.com,2024-06-18,3929.77
900,Alice,Taylor,user900@example.com,2024-06-19,2793.42
901,David,Smith,user901@example.com,2024-06-20,75.89
902,Bob,Smith,user902@example.com,2024-06-21,3816.9
903,Carol,Smith,user903@example.com,2024-06-22,224.79
904,Carol,Brown,user904@example.com,2024-06-23,3741.38
905,Bob,Jones,user905@example.com,2024-06-24,1052.28
906,Bob,Smith,user906@example.com,2024-06-25,4792.46
907,Carol,Smith,user907@example.com,2024-06-26,1871.31
908,Carol,Jones,user908@example.com,2024-06-27,1668.31
909,Bob,Smith,user909@example.com,2024-06-28,787.0
910,Carol,Taylor,user910@example.com,2024-06-29,1562.74
911,Alice,Jones,user911@example.com,2024-06-30,4389.42
912,Alice,Jones,user912@example.com,2024-07-01,4981.85
913,Bob,Jones,user913@example.com,2024-07-02,1873.13
914,David,Taylor,user914@example.com,2024-07-03,2270.62
915,Bob,Jones,user915@example.com,2024-07-04,3624.25
916,Bob,Taylor,user916@example.com,2024-07-05,4436.67
917,David,Jones,user917@example.com,2024-07-06,2985.57
918,David,Brown,user918@example.com,2024-07-07,1988.05
919,David,Smith,user919@example.com,2024-07-08,2092.48
920,Alice,Brown,user920@example.com,2024-07-09,3493.31
921,Carol,Smith,user921@example.com,2024-07-10,65.93
922,Alice,Taylor,user922@example.com,2024-07-11,3116.97
923,Carol,Brown,user923@example.com,2024-07-12,1809.69
924,Alice,Jones,user924@example.com,2024-07-13,3981.28
925,Carol,Smith,user925@example.com,2024-07-14,510.3
926,Alice,Smith,user926@example.com,2024-07-15,2961.6
927,David,Brown,user927@example.com,2024-07-16,2430.82
928,Bob,Taylor,user928@example.com,2024-07-17,3229.51
929,Alice,Brown,user929@example.com,2024-07-18,371.03
930,Carol,Taylor,user930@example.com,2024-07-19,2920.92
931,David,Taylor,user931@example.com,2024-07-20,2829.35
932,Alice,Smith,user932@example.com,2024-07-21,2825.27
933,Alice,Brown,user933@example.com,2024-07-22,3037.26
934,David,Brown,user934@example.com,2024-07-23,3398.52
935,Alice,Taylor,user935@example.com,2024-07-24,4034.7
936,Bob,Brown,user936@example.com,2024-07-25,1385.61
937,Alice,Jones,user937@example.com,2024-07-26,4133.99
938,Bob,Jones,user938@example.com,2024-07-27,2516.37
939,Bob,Brown,user939@example.com,2024-07-28,431.44
940,David,Brown,user940@example.com,2024-07-29,339.83
941,Alice,Taylor,user941@example.com,2024-07-30,1704.48
942,David,Jones,user942@example.com,2024-07-31,3935.24
943,Alice,Jones,user943@example.com,2024-08-01,3553.02
944,Alice,Smith,user944@example.com,2024-08-02,3953.64
945,Carol,Taylor,user945@example.com,2024-08-03,2610.48
946,Alice,Smith,user946@example.com,2024-08-04,2228.99
947,David,Jones,user947@example.com,2024-08-05,779.89
948,Bob,Taylor,user948@example.com,2024-08-06,1674.55
949,Alice,Brown,user949@example.com,2024-08-07,2198.4
950,Carol,Taylor,user950@example.com,2024-08-08,488.57
951,David,Brown,user951@example.com,2024-08-09,1142.03
952,Alice,Brown,user952@example.com,2024-08-10,3011.22
953,David,Taylor,user953@example.com,2024-08-11,3691.53
954,Carol,Brown,user954@example.com,2024-08-12,4991.82
955,Carol,Smith,user955@example.com,2024-08-13,4668.91
956,David,Jones,user956@example.com,2024-08-14,3230.7
957,Alice,Brown,user957@example.com,2024-08-15,2135.18
958,Bob,Smith,user958@example.com,2024-08-16,3199.08
959,Carol,Brown,user959@example.com,2024-08-17,3938.98
960,Alice,Jones,user960@example.com,2024-08-18,635.76
961,Alice,Smith,user961@example.com,2024-08-19,2079.03
962,Bob,Jones,user962@example.com,2024-08-20,4207.02
963,Carol,Jones,user963@example.com,2024-08-21,1949.97
964,Carol,Smith,user964@example.com,2024-08-22,2880.77
965,Alice,Smith,user965@example.com,2024-08-23,2959.46
966,Alice,Smith,user966@example.com,2024-08-24,963.16
967,Bob,Taylor,user967@example.com,2024-08-25,1843.07
968,Bob,Smith,user968@example.com,2024-08-26,1705.83
969,Carol,Smith,user969@example.com,2024-08-27,179.67
970,David,Smith,user970@example.com,2024-08-28,169.75
971,Carol,Smith,user971@example.com,2024-08-29,4166.9
972,Alice,Brown,user972@example.com,2024-08-30,1401.7
973,Carol,Taylor,user973@example.com,2024-08-31,2614.49
974,David,Jones,user974@example.com,2024-09-01,1528.69
975,Bob,Smith,user975@example.com,2024-09-02,4706.36
976,David,Brown,user976@example.com,2024-09-03,1333.52
977,David,Brown,user977@example.com,2024-09-04,2176.8
978,David,Brown,user978@example.com,2024-09-05,4370.01
979,Bob,Jones,user979@example.com,2024-09-06,4217.57
980,David,Smith,user980@example.com,2024-09-07,971.2
981,David,Taylor,user981@example.com,2024-09-08,4023.08
982,David,Taylor,user982@example.com,2024-09-09,2318.03
983,Alice,Brown,user983@example.com,2024-09-10,2440.7
984,David,Jones,user984@example.com,2024-09-11,710.73
985,Bob,Jones,user985@example.com,2024-09-12,448.98
986,David,Jones,user986@example.com,2024-09-13,3653.3
987,David,Taylor,user987@example.com,2024-09-14,2507.48
988,Bob,Brown,user988@example.com,2024-09-15,2212.41
989,David,Smith,user989@example.com,2024-09-16,3661.07
990,Bob,Taylor,user990@example.com,2024-09-17,3839.29
991,David,Brown,user991@example.com,2024-09-18,836.6
992,Bob,Brown,user992@example.com,2024-09-19,3070.61
993,David,Smith,user993@example.com,2024-09-20,720.0
994,David,Smith,user994@example.com,2024-09-21,3769.31
995,Alice,Smith,user995@example.com,2024-09-22,3301.93
996,Alice,Jones,user996@example.com,2024-09-23,4785.24
997,David,Smith,user997@example.com,2024-09-24,391.34
998,David,Brown,user998@example.com,2024-09-25,332.42
999,Carol,Smith,user999@example.com,2024-09-26,1446.83
