Cust_ID,FName,LName,UserEmail,JoinDate,AmountSpent
1219,Heidi,Green,customer0@test.com,2023-01-01,1162.94
1902,Frank,White,customer1@test.com,2023-01-02,222.39
1162,Eve,Green,customer2@test.com,2023-01-03,640.27
1950,Frank,Gray,customer3@test.com,2023-01-04,695.8
1219,Grace,Black,customer4@test.com,2023-01-05,1412.63
1269,Grace,White,customer5@test.com,2023-01-06,813.0
1631,Frank,Green,customer6@test.com,2023-01-07,311.92
1905,Frank,Green,customer7@test.com,2023-01-08,510.8
1847,Frank,Gray,customer8@test.com,2023-01-09,450.35
1399,Heidi,White,customer9@test.com,2023-01-10,2919.5
1181,Frank,Black,customer10@test.com,2023-01-11,2280.28
1990,Eve,Green,customer11@test.com,2023-01-12,2903.61
1617,Heidi,White,customer12@test.com,2023-01-13,1324.82
1728,Heidi,Black,customer13@test.com,2023-01-14,842.32
1204,Frank,Green,customer14@test.com,2023-01-15,2396.9
1581,Eve,Green,customer15@test.com,2023-01-16,985.5
1555,Heidi,Black,customer16@test.com,2023-01-17,905.16
1840,Grace,Black,customer17@test.com,2023-01-18,705.19
1812,Heidi,Gray,customer18@test.com,2023-01-19,397.74
1227,Frank,White,customer19@test.com,2023-01-20,776.82
1695,Eve,White,customer20@test.com,2023-01-21,1072.41
1618,Frank,Gray,customer21@test.com,2023-01-22,2025.24
1595,Grace,Green,customer22@test.com,2023-01-23,197.07
1849,Grace,Black,customer23@test.com,2023-01-24,639.42
1249,Grace,Black,customer24@test.com,2023-01-25,2428.98
1874,Frank,Black,customer25@test.com,2023-01-26,449.3
1440,Heidi,Green,customer26@test.com,2023-01-27,1034.51
1532,Frank,Black,customer27@test.com,2023-01-28,2595.33
1195,Eve,Black,customer28@test.com,2023-01-29,473.23
1689,Heidi,Gray,customer29@test.com,2023-01-30,257.38
1928,Grace,Green,customer30@test.com,2023-01-31,1458.77
1986,Frank,White,customer31@test.com,2023-02-01,914.23
1518,Grace,Gray,customer32@test.com,2023-02-02,1694.59
1069,Grace,Gray,customer33@test.com,2023-02-03,2413.38
1638,Eve,White,customer34@test.com,2023-02-04,420.07
1398,Heidi,Gray,customer35@test.com,2023-02-05,1746.29
1977,Eve,Green,customer36@test.com,2023-02-06,1521.47
1671,Eve,Black,customer37@test.com,2023-02-07,440.8
1759,Eve,Green,customer38@test.com,2023-02-08,1875.76
1202,Grace,White,customer39@test.com,2023-02-09,828.18
1147,Eve,White,customer40@test.com,2023-02-10,1468.62
1471,Eve,Gray,customer41@test.com,2023-02-11,255.99
1654,Heidi,Green,customer42@test.com,2023-02-12,1384.16
1943,Heidi,Green,customer43@test.com,2023-02-13,926.33
1198,Eve,White,customer44@test.com,2023-02-14,2468.92
1916,Heidi,Green,customer45@test.com,2023-02-15,180.37
1425,Heidi,White,customer46@test.com,2023-02-16,1261.64
1665,Eve,Green,customer47@test.com,2023-02-17,1380.71
1491,Grace,Green,customer48@test.com,2023-02-18,2177.77
1887,Eve,Green,customer49@test.com,2023-02-19,1727.12
1895,Heidi,White,customer50@test.com,2023-02-20,2004.96
1141,Grace,Gray,customer51@test.com,2023-02-21,2333.38
1312,Frank,Green,customer52@test.com,2023-02-22,2587.99
1164,Grace,White,customer53@test.com,2023-02-23,948.49
1313,Heidi,White,customer54@test.com,2023-02-24,1618.69
1020,Grace,Green,customer55@test.com,2023-02-25,2521.92
1081,Eve,Green,customer56@test.com,2023-02-26,2968.46
1580,Frank,Gray,customer57@test.com,2023-02-27,2669.66
1130,Frank,White,customer58@test.com,2023-02-28,1120.69
1598,Frank,White,customer59@test.com,2023-03-01,593.55
1729,Heidi,Black,customer60@test.com,2023-03-02,1473.28
1932,Heidi,White,customer61@test.com,2023-03-03,2227.51
1983,Frank,Gray,customer62@test.com,2023-03-04,1482.78
1304,Grace,Black,customer63@test.com,2023-03-05,1454.71
1914,Frank,Black,customer64@test.com,2023-03-06,2516.31
1370,Grace,Black,customer65@test.com,2023-03-07,1090.6
1856,Grace,Green,customer66@test.com,2023-03-08,2580.79
1852,Heidi,Green,customer67@test.com,2023-03-09,1226.35
1383,Grace,White,customer68@test.com,2023-03-10,991.42
1907,Frank,Black,customer69@test.com,2023-03-11,1367.43
1444,Heidi,Gray,customer70@test.com,2023-03-12,2289.72
1424,Eve,Green,customer71@test.com,2023-03-13,386.75
1160,Eve,Gray,customer72@test.com,2023-03-14,597.29
1177,Heidi,Gray,customer73@test.com,2023-03-15,2854.82
1628,Frank,Green,customer74@test.com,2023-03-16,534.72
1707,Eve,Green,customer75@test.com,2023-03-17,1707.5
1894,Eve,Green,customer76@test.com,2023-03-18,1742.15
1489,Grace,Green,customer77@test.com,2023-03-19,1473.98
1326,Grace,Black,customer78@test.com,2023-03-20,1937.79
1597,Frank,Black,customer79@test.com,2023-03-21,697.18
1288,Heidi,Black,customer80@test.com,2023-03-22,1662.46
1592,Frank,Black,customer81@test.com,2023-03-23,1122.8
1663,Heidi,White,customer82@test.com,2023-03-24,1988.39
1572,Eve,Black,customer83@test.com,2023-03-25,432.26
1572,Grace,Green,customer84@test.com,2023-03-26,1716.92
1353,Frank,Gray,customer85@test.com,2023-03-27,563.96
1027,Frank,Black,customer86@test.com,2023-03-28,843.14
1953,Heidi,White,customer87@test.com,2023-03-29,663.94
1042,Heidi,Green,customer88@test.com,2023-03-30,556.68
1680,Frank,Gray,customer89@test.com,2023-03-31,2478.88
1422,Heidi,Gray,customer90@test.com,2023-04-01,864.27
1597,Frank,Black,customer91@test.com,2023-04-02,2782.1
1176,Frank,Gray,customer92@test.com,2023-04-03,2910.08
1528,Frank,Black,customer93@test.com,2023-04-04,1718.07
1609,Eve,Black,customer94@test.com,2023-04-05,437.57
1965,Heidi,Green,customer95@test.com,2023-04-06,1129.9
1493,Grace,Green,customer96@test.com,2023-04-07,2395.22
1197,Grace,White,customer97@test.com,2023-04-08,1108.5
1609,Heidi,Green,customer98@test.com,2023-04-09,270.18
1576,Frank,Green,customer99@test.com,2023-04-10,1674.79
1841,Grace,Black,customer100@test.com,2023-04-11,2536.91
1852,Grace,Green,customer101@test.com,2023-04-12,2389.82
1516,Heidi,Black,customer102@test.com,2023-04-13,533.62
1513,Grace,Black,customer103@test.com,2023-04-14,2021.57
1021,Frank,Green,customer104@test.com,2023-04-15,669.31
1111,Heidi,White,customer105@test.com,2023-04-16,662.44
1056,Frank,White,customer106@test.com,2023-04-17,2623.47
1065,Grace,Gray,customer107@test.com,2023-04-18,756.51
1841,Grace,Gray,customer108@test.com,2023-04-19,797.11
1097,Frank,Green,customer109@test.com,2023-04-20,11.95
1143,Eve,White,customer110@test.com,2023-04-21,2613.3
1879,Grace,Black,customer111@test.com,2023-04-22,2379.86
1434,Eve,Gray,customer112@test.com,2023-04-23,1885.71
1636,Grace,Black,customer113@test.com,2023-04-24,2253.29
1678,Eve,Gray,customer114@test.com,2023-04-25,464.63
1085,Eve,Green,customer115@test.com,2023-04-26,1380.39
1587,Eve,White,customer116@test.com,2023-04-27,1060.15
1343,Frank,Gray,customer117@test.com,2023-04-28,290.39
1935,Eve,White,customer118@test.com,2023-04-29,1463.53
1293,Eve,Black,customer119@test.com,2023-04-30,2763.01
1955,Eve,Green,customer120@test.com,2023-05-01,129.78
1570,Grace,White,customer121@test.com,2023-05-02,881.47
1649,Eve,Green,customer122@test.com,2023-05-03,630.55
1610,Grace,White,customer123@test.com,2023-05-04,722.06
1703,Eve,Black,customer124@test.com,2023-05-05,2726.22
1242,Eve,Black,customer125@test.com,2023-05-06,1409.53
1830,Frank,Green,customer126@test.com,2023-05-07,1404.24
1560,Grace,Black,customer127@test.com,2023-05-08,2284.12
1959,Eve,Gray,customer128@test.com,2023-05-09,471.93
1031,Grace,White,customer129@test.com,2023-05-10,1466.92
1390,Grace,Black,customer130@test.com,2023-05-11,1295.66
1276,Heidi,Gray,customer131@test.com,2023-05-12,1794.76
1531,Frank,Green,customer132@test.com,2023-05-13,2998.68
1153,Frank,Gray,customer133@test.com,2023-05-14,2310.65
1382,Frank,Green,customer134@test.com,2023-05-15,1199.62
1067,Heidi,Green,customer135@test.com,2023-05-16,2484.38
1877,Heidi,White,customer136@test.com,2023-05-17,520.42
1883,Frank,White,customer137@test.com,2023-05-18,101.09
1213,Heidi,Gray,customer138@test.com,2023-05-19,621.3
1654,Heidi,White,customer139@test.com,2023-05-20,1027.83
1375,Heidi,White,customer140@test.com,2023-05-21,1536.64
1743,Frank,White,customer141@test.com,2023-05-22,1849.24
1212,Frank,Gray,customer142@test.com,2023-05-23,2732.71
1078,Frank,Black,customer143@test.com,2023-05-24,1534.46
1725,Heidi,White,customer144@test.com,2023-05-25,1508.81
1627,Frank,White,customer145@test.com,2023-05-26,160.23
1603,Heidi,Gray,customer146@test.com,2023-05-27,114.39
1781,Eve,Black,customer147@test.com,2023-05-28,1657.97
1922,Heidi,White,customer148@test.com,2023-05-29,1320.15
1380,Grace,Green,customer149@test.com,2023-05-30,2519.15
1679,Frank,Gray,customer150@test.com,2023-05-31,490.43
1057,Frank,White,customer151@test.com,2023-06-01,84.67
1795,Grace,White,customer152@test.com,2023-06-02,1352.63
1025,Heidi,Green,customer153@test.com,2023-06-03,720.06
1880,Eve,Green,customer154@test.com,2023-06-04,158.35
1446,Grace,Gray,customer155@test.com,2023-06-05,2176.55
1065,Grace,Gray,customer156@test.com,2023-06-06,343.66
1920,Heidi,Green,customer157@test.com,2023-06-07,1828.88
1759,Frank,Gray,customer158@test.com,2023-06-08,850.34
1253,Heidi,Green,customer159@test.com,2023-06-09,528.75
1898,Grace,White,customer160@test.com,2023-06-10,1145.46
1967,Grace,Green,customer161@test.com,2023-06-11,2406.32
1043,Frank,Green,customer162@test.com,2023-06-12,1182.36
1096,Frank,Black,customer163@test.com,2023-06-13,2254.8
1553,Frank,Green,customer164@test.com,2023-06-14,385.2
1226,Heidi,Green,customer165@test.com,2023-06-15,2320.59
1773,Frank,Black,customer166@test.com,2023-06-16,718.43
1678,Grace,Gray,customer167@test.com,2023-06-17,2035.41
1435,Grace,Black,customer168@test.com,2023-06-18,1701.69
1790,Eve,White,customer169@test.com,2023-06-19,2788.14
1600,Heidi,Black,customer170@test.com,2023-06-20,1168.09
1378,Eve,White,customer171@test.com,2023-06-21,207.83
1177,Grace,Gray,customer172@test.com,2023-06-22,67.27
1426,Eve,Black,customer173@test.com,2023-06-23,2482.31
1914,Grace,Black,customer174@test.com,2023-06-24,1578.96
1708,Eve,Gray,customer175@test.com,2023-06-25,2327.98
1306,Frank,White,customer176@test.com,2023-06-26,710.93
1778,Eve,Black,customer177@test.com,2023-06-27,1041.8
1503,Frank,White,customer178@test.com,2023-06-28,100.01
1267,Frank,Black,customer179@test.com,2023-06-29,2884.86
1585,Heidi,Green,customer180@test.com,2023-06-30,2006.93
1007,Frank,Black,customer181@test.com,2023-07-01,2800.28
1919,Frank,Gray,customer182@test.com,2023-07-02,803.83
1507,Eve,Gray,customer183@test.com,2023-07-03,1838.28
1475,Grace,White,customer184@test.com,2023-07-04,2038.71
1296,Heidi,Black,customer185@test.com,2023-07-05,959.47
1163,Frank,White,customer186@test.com,2023-07-06,2545.85
1484,Heidi,White,customer187@test.com,2023-07-07,2842.01
1596,Eve,Green,customer188@test.com,2023-07-08,2655.72
1071,Frank,Green,customer189@test.com,2023-07-09,2219.81
1566,Eve,Gray,customer190@test.com,2023-07-10,839.62
1904,Heidi,White,customer191@test.com,2023-07-11,852.03
1558,Eve,Gray,customer192@test.com,2023-07-12,2890.45
1910,Heidi,Black,customer193@test.com,2023-07-13,40.75
1943,Eve,White,customer194@test.com,2023-07-14,2150.99
1237,Heidi,White,customer195@test.com,2023-07-15,2121.68
1103,Grace,Black,customer196@test.com,2023-07-16,1871.84
1209,Eve,Black,customer197@test.com,2023-07-17,2970.43
1553,Eve,Gray,customer198@test.com,2023-07-18,942.52
1827,Grace,Gray,customer199@test.com,2023-07-19,1026.52
1467,Grace,Black,customer200@test.com,2023-07-20,246.03
1453,Eve,Gray,customer201@test.com,2023-07-21,1333.97
1267,Grace,Black,customer202@test.com,2023-07-22,790.54
1385,Frank,White,customer203@test.com,2023-07-23,1036.73
1774,Heidi,White,customer204@test.com,2023-07-24,2505.37
1847,Heidi,Green,customer205@test.com,2023-07-25,2807.1
1386,Heidi,White,customer206@test.com,2023-07-26,565.34
1876,Frank,Black,customer207@test.com,2023-07-27,1123.8
1258,Grace,Gray,customer208@test.com,2023-07-28,2786.61
1282,Grace,Green,customer209@test.com,2023-07-29,194.81
1625,Eve,Gray,customer210@test.com,2023-07-30,286.16
1874,Grace,Black,customer211@test.com,2023-07-31,496.75
1039,Eve,White,customer212@test.com,2023-08-01,1789.69
1485,Frank,Green,customer213@test.com,2023-08-02,459.91
1928,Heidi,Black,customer214@test.com,2023-08-03,2904.55
1219,Heidi,Green,customer215@test.com,2023-08-04,1345.68
1128,Heidi,Green,customer216@test.com,2023-08-05,1509.54
1519,Grace,White,customer217@test.com,2023-08-06,747.51
1612,Eve,Black,customer218@test.com,2023-08-07,1418.17
1927,Eve,Gray,customer219@test.com,2023-08-08,1989.12
1891,Frank,Green,customer220@test.com,2023-08-09,2256.02
1687,Grace,Green,customer221@test.com,2023-08-10,2264.07
1618,Frank,Gray,customer222@test.com,2023-08-11,1737.89
1612,Eve,Black,customer223@test.com,2023-08-12,2714.04
1259,Eve,Green,customer224@test.com,2023-08-13,2454.05
1989,Heidi,Green,customer225@test.com,2023-08-14,2273.57
1965,Grace,Green,customer226@test.com,2023-08-15,176.26
1365,Eve,Black,customer227@test.com,2023-08-16,30.57
1757,Heidi,Black,customer228@test.com,2023-08-17,645.22
1786,Grace,Gray,customer229@test.com,2023-08-18,1993.94
1543,Frank,Black,customer230@test.com,2023-08-19,1239.48
1648,Grace,Black,customer231@test.com,2023-08-20,1213.19
1523,Grace,White,customer232@test.com,2023-08-21,2654.91
1906,Eve,Gray,customer233@test.com,2023-08-22,2687.73
1813,Eve,Green,customer234@test.com,2023-08-23,2728.43
1886,Grace,Black,customer235@test.com,2023-08-24,948.5
1015,Eve,Green,customer236@test.com,2023-08-25,2076.26
1128,Eve,Green,customer237@test.com,2023-08-26,822.18
1574,Eve,White,customer238@test.com,2023-08-27,579.92
1108,Heidi,Black,customer239@test.com,2023-08-28,562.05
1886,Heidi,Gray,customer240@test.com,2023-08-29,1032.9
1532,Grace,Black,customer241@test.com,2023-08-30,1295.57
1669,Eve,Green,customer242@test.com,2023-08-31,2494.54
1268,Heidi,Gray,customer243@test.com,2023-09-01,368.47
1161,Grace,Black,customer244@test.com,2023-09-02,2207.43
1259,Eve,Green,customer245@test.com,2023-09-03,1599.05
1923,Frank,Green,customer246@test.com,2023-09-04,870.96
1101,Eve,White,customer247@test.com,2023-09-05,1483.53
1505,Eve,White,customer248@test.com,2023-09-06,906.83
1734,Heidi,White,customer249@test.com,2023-09-07,1792.29
1570,Grace,Green,customer250@test.com,2023-09-08,1307.19
1246,Grace,Black,customer251@test.com,2023-09-09,501.57
1639,Heidi,White,customer252@test.com,2023-09-10,358.58
1794,Eve,Black,customer253@test.com,2023-09-11,1644.62
1836,Frank,White,customer254@test.com,2023-09-12,2708.21
1536,Eve,Gray,customer255@test.com,2023-09-13,1038.43
1130,Eve,Gray,customer256@test.com,2023-09-14,2201.67
1352,Frank,White,customer257@test.com,2023-09-15,1979.4
1195,Heidi,Green,customer258@test.com,2023-09-16,2795.35
1792,Grace,White,customer259@test.com,2023-09-17,2464.73
1915,Heidi,White,customer260@test.com,2023-09-18,1704.15
1929,Heidi,Green,customer261@test.com,2023-09-19,1974.52
1665,Eve,Gray,customer262@test.com,2023-09-20,2696.18
1381,Grace,Black,customer263@test.com,2023-09-21,1204.56
1644,Grace,White,customer264@test.com,2023-09-22,987.12
1226,Heidi,Green,customer265@test.com,2023-09-23,42.33
1700,Frank,White,customer266@test.com,2023-09-24,2481.39
1475,Heidi,Green,customer267@test.com,2023-09-25,2404.93
1476,Frank,Black,customer268@test.com,2023-09-26,322.32
1264,Grace,Black,customer269@test.com,2023-09-27,1734.8
1371,Heidi,Gray,customer270@test.com,2023-09-28,1397.31
1485,Eve,Green,customer271@test.com,2023-09-29,364.94
1433,Heidi,Green,customer272@test.com,2023-09-30,2941.9
1645,Grace,Gray,customer273@test.com,2023-10-01,651.94
1210,Eve,Gray,customer274@test.com,2023-10-02,211.03
1571,Eve,Green,customer275@test.com,2023-10-03,1788.59
1939,Frank,Gray,customer276@test.com,2023-10-04,2219.21
1376,Eve,Black,customer277@test.com,2023-10-05,107.01
1394,Eve,White,customer278@test.com,2023-10-06,1979.57
1449,Heidi,Black,customer279@test.com,2023-10-07,1601.55
1942,Grace,Gray,customer280@test.com,2023-10-08,318.76
1363,Frank,Green,customer281@test.com,2023-10-09,525.85
1875,Heidi,Green,customer282@test.com,2023-10-10,1708.24
1456,Eve,Black,customer283@test.com,2023-10-11,896.11
1724,Eve,Green,customer284@test.com,2023-10-12,2815.56
1727,Frank,Gray,customer285@test.com,2023-10-13,2458.03
1225,Grace,Black,customer286@test.com,2023-10-14,2950.87
1981,Frank,Green,customer287@test.com,2023-10-15,786.42
1130,Heidi,White,customer288@test.com,2023-10-16,2909.47
1587,Frank,White,customer289@test.com,2023-10-17,1299.39
1475,Eve,Gray,customer290@test.com,2023-10-18,1049.08
1797,Heidi,Green,customer291@test.com,2023-10-19,160.55
1985,Eve,Gray,customer292@test.com,2023-10-20,167.77
1276,Grace,Black,customer293@test.com,2023-10-21,2079.11
1155,Eve,White,customer294@test.com,2023-10-22,1379.21
1759,Eve,Black,customer295@test.com,2023-10-23,687.3
1217,Frank,Green,customer296@test.com,2023-10-24,1845.77
1189,Eve,Gray,customer297@test.com,2023-10-25,766.05
1416,Heidi,Gray,customer298@test.com,2023-10-26,1737.12
1980,Heidi,Gray,customer299@test.com,2023-10-27,1084.03
1674,Grace,Black,customer300@test.com,2023-10-28,2472.42
1691,Heidi,White,customer301@test.com,2023-10-29,2463.88
1545,Frank,Black,customer302@test.com,2023-10-30,1437.28
1040,Grace,Black,customer303@test.com,2023-10-31,1058.95
1306,Heidi,Green,customer304@test.com,2023-11-01,1094.05
1942,Frank,Green,customer305@test.com,2023-11-02,2419.09
1337,Heidi,Green,customer306@test.com,2023-11-03,991.26
1313,Heidi,White,customer307@test.com,2023-11-04,635.09
1074,Eve,White,customer308@test.com,2023-11-05,263.22
1952,Heidi,Green,customer309@test.com,2023-11-06,1405.41
1278,Heidi,Green,customer310@test.com,2023-11-07,1451.57
1175,Frank,White,customer311@test.com,2023-11-08,2524.32
1895,Frank,Gray,customer312@test.com,2023-11-09,671.5
1661,Eve,White,customer313@test.com,2023-11-10,1149.16
1272,Heidi,White,customer314@test.com,2023-11-11,2427.13
1836,Eve,White,customer315@test.com,2023-11-12,2472.63
1619,Heidi,Green,customer316@test.com,2023-11-13,1159.99
1650,Grace,Gray,customer317@test.com,2023-11-14,1382.78
1861,Grace,White,customer318@test.com,2023-11-15,916.82
1782,Eve,Green,customer319@test.com,2023-11-16,2798.34
1858,Eve,Black,customer320@test.com,2023-11-17,364.74
1930,Eve,Black,customer321@test.com,2023-11-18,2801.91
1288,Frank,White,customer322@test.com,2023-11-19,2054.76
1723,Frank,Black,customer323@test.com,2023-11-20,1599.4
1892,Frank,Gray,customer324@test.com,2023-11-21,107.65
1271,Eve,Black,customer325@test.com,2023-11-22,1432.03
1929,Heidi,Black,customer326@test.com,2023-11-23,1229.17
1065,Grace,Gray,customer327@test.com,2023-11-24,492.04
1482,Eve,White,customer328@test.com,2023-11-25,1972.66
1935,Frank,White,customer329@test.com,2023-11-26,2913.74
1247,Frank,Gray,customer330@test.com,2023-11-27,1690.94
1155,Eve,Gray,customer331@test.com,2023-11-28,2147.11
1046,Eve,Gray,customer332@test.com,2023-11-29,214.67
1934,Frank,Black,customer333@test.com,2023-11-30,1258.82
1453,Heidi,Gray,customer334@test.com,2023-12-01,357.91
1200,Frank,Green,customer335@test.com,2023-12-02,1842.26
1659,Frank,Black,customer336@test.com,2023-12-03,2816.06
1123,Eve,White,customer337@test.com,2023-12-04,1988.72
1000,Heidi,White,customer338@test.com,2023-12-05,239.64
1967,Frank,White,customer339@test.com,2023-12-06,1070.45
1758,Frank,Black,customer340@test.com,2023-12-07,1656.48
1854,Grace,Green,customer341@test.com,2023-12-08,1215.59
1639,Eve,Gray,customer342@test.com,2023-12-09,2502.6
1190,Grace,Gray,customer343@test.com,2023-12-10,2445.87
1578,Grace,White,customer344@test.com,2023-12-11,1839.37
1515,Frank,White,customer345@test.com,2023-12-12,1126.64
1441,Eve,Black,customer346@test.com,2023-12-13,773.46
1920,Heidi,Green,customer347@test.com,2023-12-14,326.56
1814,Frank,Gray,customer348@test.com,2023-12-15,1071.14
1805,Heidi,Black,customer349@test.com,2023-12-16,1245.39
1142,Heidi,Gray,customer350@test.com,2023-12-17,2030.71
1190,Eve,White,customer351@test.com,2023-12-18,1977.9
1532,Grace,Gray,customer352@test.com,2023-12-19,219.62
1226,Eve,Green,customer353@test.com,2023-12-20,1191.83
1312,Heidi,Green,customer354@test.com,2023-12-21,553.52
1628,Frank,White,customer355@test.com,2023-12-22,478.87
1948,Heidi,Green,customer356@test.com,2023-12-23,2483.63
1301,Frank,Green,customer357@test.com,2023-12-24,135.33
1653,Frank,Black,customer358@test.com,2023-12-25,1263.36
1995,Eve,Gray,customer359@test.com,2023-12-26,512.93
1459,Heidi,White,customer360@test.com,2023-12-27,2639.2
1400,Grace,White,customer361@test.com,2023-12-28,1675.55
1550,Heidi,White,customer362@test.com,2023-12-29,701.83
1392,Heidi,White,customer363@test.com,2023-12-30,1512.26
1866,Grace,White,customer364@test.com,2023-12-31,2197.14
1763,Eve,Green,customer365@test.com,2024-01-01,2874.77
1844,Heidi,Black,customer366@test.com,2024-01-02,669.13
1206,Heidi,White,customer367@test.com,2024-01-03,2659.68
1209,Frank,Black,customer368@test.com,2024-01-04,2803.57
1114,Heidi,Black,customer369@test.com,2024-01-05,2750.1
1736,Grace,Green,customer370@test.com,2024-01-06,1909.89
1645,Frank,White,customer371@test.com,2024-01-07,1893.16
1250,Eve,Green,customer372@test.com,2024-01-08,1215.6
1218,Frank,White,customer373@test.com,2024-01-09,2259.67
1406,Grace,Green,customer374@test.com,2024-01-10,1598.57
1442,Grace,Black,customer375@test.com,2024-01-11,2035.54
1602,Frank,White,customer376@test.com,2024-01-12,1291.09
1353,Eve,Gray,customer377@test.com,2024-01-13,2197.17
1887,Frank,Black,customer378@test.com,2024-01-14,2475.17
1557,Eve,Gray,customer379@test.com,2024-01-15,447.84
1549,Frank,Black,customer380@test.com,2024-01-16,2500.46
1141,Grace,Green,customer381@test.com,2024-01-17,1625.49
1611,Heidi,White,customer382@test.com,2024-01-18,2535.55
1500,Heidi,Black,customer383@test.com,2024-01-19,1299.59
1839,Eve,Green,customer384@test.com,2024-01-20,1143.33
1701,Eve,White,customer385@test.com,2024-01-21,2746.03
1546,Eve,White,customer386@test.com,2024-01-22,761.0
1658,Grace,Black,customer387@test.com,2024-01-23,2534.19
1541,Frank,White,customer388@test.com,2024-01-24,1457.22
1845,Grace,Black,customer389@test.com,2024-01-25,1547.15
1506,Heidi,White,customer390@test.com,2024-01-26,932.32
1595,Eve,Gray,customer391@test.com,2024-01-27,1723.4
1880,Frank,Green,customer392@test.com,2024-01-28,982.38
1280,Heidi,Gray,customer393@test.com,2024-01-29,127.42
1423,Heidi,Black,customer394@test.com,2024-01-30,823.28
1855,Heidi,Gray,customer395@test.com,2024-01-31,29.07
1269,Grace,Black,customer396@test.com,2024-02-01,2935.28
1153,Eve,White,customer397@test.com,2024-02-02,2897.58
1613,Heidi,White,customer398@test.com,2024-02-03,1191.51
1726,Eve,Black,customer399@test.com,2024-02-04,2187.83
1661,Grace,Gray,customer400@test.com,2024-02-05,1043.96
1943,Heidi,White,customer401@test.com,2024-02-06,2016.57
1082,Grace,Green,customer402@test.com,2024-02-07,2418.24
1621,Grace,White,customer403@test.com,2024-02-08,2840.8
1946,Eve,Green,customer404@test.com,2024-02-09,1206.63
1898,Heidi,Gray,customer405@test.com,2024-02-10,2352.06
1425,Grace,Green,customer406@test.com,2024-02-11,805.13
1274,Heidi,Green,customer407@test.com,2024-02-12,2971.09
1712,Eve,Green,customer408@test.com,2024-02-13,87.05
1283,Grace,Green,customer409@test.com,2024-02-14,1814.55
1979,Eve,White,customer410@test.com,2024-02-15,1981.92
1172,Heidi,Green,customer411@test.com,2024-02-16,2067.26
1326,Heidi,White,customer412@test.com,2024-02-17,369.96
1717,Eve,Green,customer413@test.com,2024-02-18,2816.2
1062,Frank,Black,customer414@test.com,2024-02-19,551.74
1072,Grace,Gray,customer415@test.com,2024-02-20,1872.03
1762,Heidi,Green,customer416@test.com,2024-02-21,675.8
1635,Heidi,Black,customer417@test.com,2024-02-22,928.58
1374,Grace,Green,customer418@test.com,2024-02-23,1643.91
1632,Eve,Green,customer419@test.com,2024-02-24,1257.41
1507,Eve,Green,customer420@test.com,2024-02-25,489.07
1786,Eve,Black,customer421@test.com,2024-02-26,521.1
1942,Frank,Gray,customer422@test.com,2024-02-27,1260.25
1397,Frank,Black,customer423@test.com,2024-02-28,2274.28
1119,Heidi,Gray,customer424@test.com,2024-02-29,2694.91
1933,Eve,Green,customer425@test.com,2024-03-01,261.54
1436,Grace,White,customer426@test.com,2024-03-02,1185.38
1828,Heidi,Green,customer427@test.com,2024-03-03,309.73
1675,Grace,Gray,customer428@test.com,2024-03-04,59.61
1935,Heidi,Black,customer429@test.com,2024-03-05,1988.54
1464,Frank,Green,customer430@test.com,2024-03-06,1811.32
1285,Heidi,Black,customer431@test.com,2024-03-07,497.43
1264,Frank,Black,customer432@test.com,2024-03-08,709.1
1319,Heidi,Black,customer433@test.com,2024-03-09,80.89
1672,Eve,Green,customer434@test.com,2024-03-10,2506.49
1375,Grace,Black,customer435@test.com,2024-03-11,2924.32
1819,Eve,Black,customer436@test.com,2024-03-12,415.02
1088,Heidi,Green,customer437@test.com,2024-03-13,702.11
1653,Heidi,Black,customer438@test.com,2024-03-14,2606.54
1202,Heidi,Green,customer439@test.com,2024-03-15,2780.13
1820,Frank,Gray,customer440@test.com,2024-03-16,1264.69
1738,Grace,Gray,customer441@test.com,2024-03-17,161.36
1954,Grace,Gray,customer442@test.com,2024-03-18,127.78
1333,Heidi,Black,customer443@test.com,2024-03-19,1726.11
1221,Heidi,White,customer444@test.com,2024-03-20,1184.76
1040,Frank,White,customer445@test.com,2024-03-21,95.67
1707,Eve,Black,customer446@test.com,2024-03-22,1753.92
1067,Eve,White,customer447@test.com,2024-03-23,43.79
1987,Grace,Green,customer448@test.com,2024-03-24,2364.24
1775,Frank,White,customer449@test.com,2024-03-25,926.23
1513,Heidi,Black,customer450@test.com,2024-03-26,130.37
1872,Grace,Black,customer451@test.com,2024-03-27,1769.17
1636,Frank,Green,customer452@test.com,2024-03-28,1199.08
1621,Eve,Gray,customer453@test.com,2024-03-29,2921.66
1597,Frank,Black,customer454@test.com,2024-03-30,1637.15
1936,Eve,Green,customer455@test.com,2024-03-31,832.97
1631,Frank,White,customer456@test.com,2024-04-01,2131.22
1126,Grace,White,customer457@test.com,2024-04-02,821.76
1254,Eve,Green,customer458@test.com,2024-04-03,2713.69
1694,Grace,Green,customer459@test.com,2024-04-04,1130.42
1015,Grace,Black,customer460@test.com,2024-04-05,1654.11
1476,Eve,White,customer461@test.com,2024-04-06,161.21
1061,Eve,Green,customer462@test.com,2024-04-07,1284.1
1880,Heidi,White,customer463@test.com,2024-04-08,2498.77
1431,Heidi,Green,customer464@test.com,2024-04-09,2418.89
1669,Heidi,White,customer465@test.com,2024-04-10,680.71
1267,Grace,Gray,customer466@test.com,2024-04-11,685.98
1034,Grace,Black,customer467@test.com,2024-04-12,2453.74
1778,Heidi,White,customer468@test.com,2024-04-13,2791.89
1575,Grace,Gray,customer469@test.com,2024-04-14,295.13
1493,Grace,White,customer470@test.com,2024-04-15,1355.68
1561,Eve,White,customer471@test.com,2024-04-16,1018.99
1468,Eve,Gray,customer472@test.com,2024-04-17,2613.36
1766,Grace,White,customer473@test.com,2024-04-18,259.74
1660,Heidi,White,customer474@test.com,2024-04-19,641.27
1324,Frank,Black,customer475@test.com,2024-04-20,2259.88
1303,Heidi,Gray,customer476@test.com,2024-04-21,163.37
1275,Frank,Gray,customer477@test.com,2024-04-22,1482.68
1868,Heidi,Green,customer478@test.com,2024-04-23,1331.9
1962,Eve,White,customer479@test.com,2024-04-24,1009.86
1683,Grace,Black,customer480@test.com,2024-04-25,1189.77
1928,Grace,White,customer481@test.com,2024-04-26,1594.52
1200,Eve,White,customer482@test.com,2024-04-27,492.49
1444,Frank,Green,customer483@test.com,2024-04-28,1720.27
1904,Frank,White,customer484@test.com,2024-04-29,2418.24
1323,Frank,Black,customer485@test.com,2024-04-30,2282.88
1034,Eve,Black,customer486@test.com,2024-05-01,470.16
1976,Frank,Green,customer487@test.com,2024-05-02,456.26
1481,Eve,White,customer488@test.com,2024-05-03,811.84
1727,Heidi,Black,customer489@test.com,2024-05-04,1089.61
1479,Heidi,White,customer490@test.com,2024-05-05,1231.28
1064,Eve,White,customer491@test.com,2024-05-06,2042.29
1007,Grace,White,customer492@test.com,2024-05-07,179.47
1300,Heidi,Green,customer493@test.com,2024-05-08,113.67
1342,Frank,White,customer494@test.com,2024-05-09,1181.81
1430,Eve,Black,customer495@test.com,2024-05-10,2094.52
1423,Frank,White,customer496@test.com,2024-05-11,588.37
1331,Frank,Black,customer497@test.com,2024-05-12,1928.1
1437,Grace,White,customer498@test.com,2024-05-13,786.89
1587,Frank,Black,customer499@test.com,2024-05-14,2659.4
1173,Grace,Black,customer500@test.com,2024-05-15,2688.11
1558,Heidi,White,customer501@test.com,2024-05-16,898.89
1526,Eve,White,customer502@test.com,2024-05-17,697.68
1872,Frank,Black,customer503@test.com,2024-05-18,1239.8
1658,Eve,Gray,customer504@test.com,2024-05-19,729.19
1025,Frank,Green,customer505@test.com,2024-05-20,2020.43
1819,Eve,Gray,customer506@test.com,2024-05-21,2479.93
1604,Frank,Gray,customer507@test.com,2024-05-22,2022.55
1405,Frank,White,customer508@test.com,2024-05-23,2474.81
1231,Frank,Green,customer509@test.com,2024-05-24,1197.01
1532,Frank,Gray,customer510@test.com,2024-05-25,477.39
1818,Frank,White,customer511@test.com,2024-05-26,2216.47
1549,Frank,Gray,customer512@test.com,2024-05-27,1087.82
1787,Frank,Gray,customer513@test.com,2024-05-28,2017.1
1504,Frank,White,customer514@test.com,2024-05-29,819.23
1668,Frank,White,customer515@test.com,2024-05-30,252.88
1178,Eve,White,customer516@test.com,2024-05-31,2977.82
1131,Grace,Green,customer517@test.com,2024-06-01,477.04
1822,Frank,Gray,customer518@test.com,2024-06-02,2965.38
1454,Grace,White,customer519@test.com,2024-06-03,2932.07
1347,Frank,Black,customer520@test.com,2024-06-04,2383.52
1539,Frank,Gray,customer521@test.com,2024-06-05,1981.67
1771,Eve,Black,customer522@test.com,2024-06-06,1737.64
1405,Heidi,Green,customer523@test.com,2024-06-07,2599.64
1075,Heidi,White,customer524@test.com,2024-06-08,875.42
1940,Eve,Black,customer525@test.com,2024-06-09,1408.37
1578,Grace,Green,customer526@test.com,2024-06-10,1861.98
1853,Heidi,White,customer527@test.com,2024-06-11,1239.46
1491,Eve,Black,customer528@test.com,2024-06-12,1288.18
1193,Eve,Black,customer529@test.com,2024-06-13,997.55
1983,Heidi,Green,customer530@test.com,2024-06-14,1697.05
1161,Grace,White,customer531@test.com,2024-06-15,2553.22
1346,Eve,White,customer532@test.com,2024-06-16,612.57
1950,Frank,Black,customer533@test.com,2024-06-17,2803.95
1360,Grace,Black,customer534@test.com,2024-06-18,2070.37
1768,Grace,Black,customer535@test.com,2024-06-19,2471.59
1583,Heidi,White,customer536@test.com,2024-06-20,1673.01
1086,Heidi,Green,customer537@test.com,2024-06-21,2340.75
1933,Frank,Green,customer538@test.com,2024-06-22,58.44
1261,Eve,White,customer539@test.com,2024-06-23,2456.96
1213,Heidi,Gray,customer540@test.com,2024-06-24,130.02
1664,Heidi,Green,customer541@test.com,2024-06-25,2670.84
1721,Grace,Black,customer542@test.com,2024-06-26,2975.97
1912,Heidi,Gray,customer543@test.com,2024-06-27,889.26
1572,Heidi,Gray,customer544@test.com,2024-06-28,638.85
1779,Heidi,Green,customer545@test.com,2024-06-29,2298.44
1261,Heidi,Gray,customer546@test.com,2024-06-30,766.55
1729,Grace,Gray,customer547@test.com,2024-07-01,2598.03
1282,Frank,Green,customer548@test.com,2024-07-02,317.5
1647,Frank,Green,customer549@test.com,2024-07-03,386.61
1466,Eve,Gray,customer550@test.com,2024-07-04,2937.66
1379,Heidi,Black,customer551@test.com,2024-07-05,2024.78
1361,Grace,White,customer552@test.com,2024-07-06,2542.19
1448,Eve,Gray,customer553@test.com,2024-07-07,979.74
1440,Eve,Gray,customer554@test.com,2024-07-08,2032.69
1092,Frank,Black,customer555@test.com,2024-07-09,1786.78
1620,Grace,Gray,customer556@test.com,2024-07-10,1813.42
1752,Grace,Gray,customer557@test.com,2024-07-11,2050.77
1866,Grace,White,customer558@test.com,2024-07-12,1730.32
1423,Frank,White,customer559@test.com,2024-07-13,1292.9
1141,Frank,White,customer560@test.com,2024-07-14,835.01
1290,Frank,Green,customer561@test.com,2024-07-15,2308.06
1431,Frank,Green,customer562@test.com,2024-07-16,686.55
1748,Frank,White,customer563@test.com,2024-07-17,2080.14
1851,Heidi,White,customer564@test.com,2024-07-18,707.67
1823,Heidi,Green,customer565@test.com,2024-07-19,1879.74
1688,Grace,Black,customer566@test.com,2024-07-20,2243.76
1652,Eve,Gray,customer567@test.com,2024-07-21,663.95
1700,Grace,Gray,customer568@test.com,2024-07-22,189.23
1997,Eve,White,customer569@test.com,2024-07-23,401.61
1048,Frank,Black,customer570@test.com,2024-07-24,1821.93
1301,Eve,Green,customer571@test.com,2024-07-25,2549.84
1880,Grace,White,customer572@test.com,2024-07-26,144.54
1189,Grace,Black,customer573@test.com,2024-07-27,2205.11
1135,Eve,Black,customer574@test.com,2024-07-28,1030.54
1554,Heidi,Black,customer575@test.com,2024-07-29,1440.8
1403,Frank,Green,customer576@test.com,2024-07-30,2787.29
1891,Frank,Green,customer577@test.com,2024-07-31,1002.59
1864,Grace,Gray,customer578@test.com,2024-08-01,1401.36
1601,Heidi,Gray,customer579@test.com,2024-08-02,50.91
1806,Eve,Black,customer580@test.com,2024-08-03,253.98
1340,Frank,Black,customer581@test.com,2024-08-04,783.19
1756,Heidi,Green,customer582@test.com,2024-08-05,93.28
1944,Frank,Gray,customer583@test.com,2024-08-06,1897.81
1703,Heidi,Black,customer584@test.com,2024-08-07,1284.93
1317,Heidi,Gray,customer585@test.com,2024-08-08,1648.95
1617,Grace,Gray,customer586@test.com,2024-08-09,532.2
1362,Frank,Black,customer587@test.com,2024-08-10,894.84
1821,Eve,Green,customer588@test.com,2024-08-11,1994.84
1381,Grace,Black,customer589@test.com,2024-08-12,2896.26
1232,Grace,Black,customer590@test.com,2024-08-13,160.75
1776,Eve,Gray,customer591@test.com,2024-08-14,2672.25
1343,Grace,Black,customer592@test.com,2024-08-15,1734.87
1548,Heidi,Green,customer593@test.com,2024-08-16,1696.12
1816,Heidi,Black,customer594@test.com,2024-08-17,1505.83
1552,Frank,Green,customer595@test.com,2024-08-18,217.49
1528,Frank,Green,customer596@test.com,2024-08-19,278.73
1855,Eve,Gray,customer597@test.com,2024-08-20,1806.73
1788,Frank,White,customer598@test.com,2024-08-21,1029.47
1818,Heidi,White,customer599@test.com,2024-08-22,2752.63
1570,Eve,Gray,customer600@test.com,2024-08-23,1225.71
1934,Eve,Black,customer601@test.com,2024-08-24,438.41
1182,Frank,Gray,customer602@test.com,2024-08-25,2147.01
1040,Heidi,Green,customer603@test.com,2024-08-26,887.13
1550,Eve,White,customer604@test.com,2024-08-27,1581.16
1396,Heidi,Gray,customer605@test.com,2024-08-28,2096.52
1703,Heidi,Black,customer606@test.com,2024-08-29,2701.79
1778,Heidi,Gray,customer607@test.com,2024-08-30,2378.65
1493,Frank,White,customer608@test.com,2024-08-31,2032.32
1658,Grace,Gray,customer609@test.com,2024-09-01,2042.1
1906,Grace,Gray,customer610@test.com,2024-09-02,2838.31
1332,Eve,White,customer611@test.com,2024-09-03,894.51
1126,Heidi,Green,customer612@test.com,2024-09-04,13.33
1557,Frank,Green,customer613@test.com,2024-09-05,823.14
1556,Heidi,White,customer614@test.com,2024-09-06,661.5
1000,Heidi,Gray,customer615@test.com,2024-09-07,1988.89
1167,Frank,White,customer616@test.com,2024-09-08,1904.8
1619,Grace,Green,customer617@test.com,2024-09-09,1784.45
1018,Heidi,Black,customer618@test.com,2024-09-10,58.57
1331,Heidi,Gray,customer619@test.com,2024-09-11,2189.05
1583,Grace,Green,customer620@test.com,2024-09-12,977.36
1455,Frank,Gray,customer621@test.com,2024-09-13,1998.52
1956,Eve,White,customer622@test.com,2024-09-14,1674.17
1108,Grace,Black,customer623@test.com,2024-09-15,1034.77
1267,Eve,White,customer624@test.com,2024-09-16,412.38
1444,Eve,Black,customer625@test.com,2024-09-17,292.31
1239,Grace,Gray,customer626@test.com,2024-09-18,2496.24
1928,Heidi,Gray,customer627@test.com,2024-09-19,2756.01
1300,Eve,White,customer628@test.com,2024-09-20,1952.87
1601,Eve,Black,customer629@test.com,2024-09-21,319.27
1102,Frank,Black,customer630@test.com,2024-09-22,1212.06
1987,Heidi,Gray,customer631@test.com,2024-09-23,2189.53
1249,Eve,White,customer632@test.com,2024-09-24,2341.66
1452,Frank,Black,customer633@test.com,2024-09-25,363.47
1519,Heidi,Gray,customer634@test.com,2024-09-26,10.09
1152,Grace,Green,customer635@test.com,2024-09-27,2139.29
1858,Grace,White,customer636@test.com,2024-09-28,1076.22
1173,Frank,Green,customer637@test.com,2024-09-29,770.9
1342,Grace,White,customer638@test.com,2024-09-30,48.56
1669,Eve,Gray,customer639@test.com,2024-10-01,1625.5
1430,Heidi,Black,customer640@test.com,2024-10-02,2554.94
1726,Eve,Black,customer641@test.com,2024-10-03,2873.32
1688,Eve,Black,customer642@test.com,2024-10-04,1701.58
1686,Grace,White,customer643@test.com,2024-10-05,1548.24
1851,Eve,Gray,customer644@test.com,2024-10-06,264.32
1849,Grace,Green,customer645@test.com,2024-10-07,1651.13
1657,Heidi,Gray,customer646@test.com,2024-10-08,1146.14
1961,Heidi,Green,customer647@test.com,2024-10-09,1825.33
1323,Eve,White,customer648@test.com,2024-10-10,1172.29
1989,Frank,White,customer649@test.com,2024-10-11,728.49
1672,Grace,Green,customer650@test.com,2024-10-12,293.95
1638,Grace,Green,customer651@test.com,2024-10-13,951.61
1419,Eve,Green,customer652@test.com,2024-10-14,298.97
1593,Grace,Gray,customer653@test.com,2024-10-15,538.92
1484,Grace,Green,customer654@test.com,2024-10-16,2962.14
1658,Frank,White,customer655@test.com,2024-10-17,1337.87
1750,Frank,White,customer656@test.com,2024-10-18,1600.3
1411,Eve,Black,customer657@test.com,2024-10-19,2622.12
1935,Frank,Green,customer658@test.com,2024-10-20,2986.75
1083,Eve,Gray,customer659@test.com,2024-10-21,1752.32
1112,Heidi,Gray,customer660@test.com,2024-10-22,2439.3
1736,Eve,Gray,customer661@test.com,2024-10-23,987.55
1331,Heidi,Black,customer662@test.com,2024-10-24,924.17
1377,Eve,White,customer663@test.com,2024-10-25,1214.08
1754,Grace,Gray,customer664@test.com,2024-10-26,2020.8
1654,Frank,White,customer665@test.com,2024-10-27,2049.75
1040,Heidi,Black,customer666@test.com,2024-10-28,952.57
1934,Eve,Green,customer667@test.com,2024-10-29,408.3
1769,Frank,Green,customer668@test.com,2024-10-30,1900.86
1958,Eve,Green,customer669@test.com,2024-10-31,393.69
1796,Frank,Gray,customer670@test.com,2024-11-01,1739.69
1104,Frank,Green,customer671@test.com,2024-11-02,2083.33
1201,Eve,Gray,customer672@test.com,2024-11-03,2104.83
1449,Heidi,Black,customer673@test.com,2024-11-04,2262.88
1818,Heidi,Black,customer674@test.com,2024-11-05,2619.85
1842,Grace,Gray,customer675@test.com,2024-11-06,1504.88
1972,Frank,White,customer676@test.com,2024-11-07,2193.45
1265,Grace,Green,customer677@test.com,2024-11-08,1861.33
1909,Grace,Green,customer678@test.com,2024-11-09,568.05
1209,Eve,Green,customer679@test.com,2024-11-10,86.81
1562,Eve,Gray,customer680@test.com,2024-11-11,860.78
1117,Eve,Black,customer681@test.com,2024-11-12,1334.67
1712,Frank,Green,customer682@test.com,2024-11-13,1855.15
1376,Eve,Black,customer683@test.com,2024-11-14,2551.38
1550,Eve,Green,customer684@test.com,2024-11-15,596.77
1539,Frank,Green,customer685@test.com,2024-11-16,385.39
1770,Frank,Gray,customer686@test.com,2024-11-17,2890.81
1083,Heidi,White,customer687@test.com,2024-11-18,333.05
1453,Eve,Gray,customer688@test.com,2024-11-19,1440.69
1666,Eve,Green,customer689@test.com,2024-11-20,1760.84
1628,Eve,Green,customer690@test.com,2024-11-21,1628.71
1513,Heidi,White,customer691@test.com,2024-11-22,267.24
1604,Eve,Black,customer692@test.com,2024-11-23,180.51
1677,Heidi,Black,customer693@test.com,2024-11-24,325.4
1386,Grace,Green,customer694@test.com,2024-11-25,1760.91
1911,Heidi,Black,customer695@test.com,2024-11-26,1637.59
1349,Grace,Green,customer696@test.com,2024-11-27,708.88
1295,Eve,White,customer697@test.com,2024-11-28,1916.94
1257,Grace,White,customer698@test.com,2024-11-29,2462.0
1080,Heidi,Green,customer699@test.com,2024-11-30,134.32
1936,Frank,White,customer700@test.com,2024-12-01,1499.41
1267,Grace,Gray,customer701@test.com,2024-12-02,2071.04
1418,Grace,Gray,customer702@test.com,2024-12-03,764.41
1234,Eve,White,customer703@test.com,2024-12-04,930.24
1832,Heidi,Green,customer704@test.com,2024-12-05,1844.78
1310,Grace,Green,customer705@test.com,2024-12-06,2694.83
1812,Grace,White,customer706@test.com,2024-12-07,2431.67
1974,Grace,Black,customer707@test.com,2024-12-08,1753.56
1985,Grace,Gray,customer708@test.com,2024-12-09,2193.36
1356,Frank,Black,customer709@test.com,2024-12-10,1100.82
1212,Heidi,Green,customer710@test.com,2024-12-11,1926.49
1573,Eve,Green,customer711@test.com,2024-12-12,1403.88
1048,Eve,Black,customer712@test.com,2024-12-13,577.91
1126,Frank,White,customer713@test.com,2024-12-14,2108.2
1222,Heidi,Black,customer714@test.com,2024-12-15,1673.83
1920,Grace,Black,customer715@test.com,2024-12-16,1082.28
1278,Frank,Gray,customer716@test.com,2024-12-17,2734.9
1407,Heidi,Gray,customer717@test.com,2024-12-18,72.59
1504,Grace,Black,customer718@test.com,2024-12-19,954.16
1293,Frank,Black,customer719@test.com,2024-12-20,180.08
1795,Heidi,Green,customer720@test.com,2024-12-21,2301.92
1276,Eve,Gray,customer721@test.com,2024-12-22,2109.3
1437,Eve,Gray,customer722@test.com,2024-12-23,1000.74
1106,Heidi,Green,customer723@test.com,2024-12-24,2030.23
1657,Eve,White,customer724@test.com,2024-12-25,1193.85
1419,Heidi,Gray,customer725@test.com,2024-12-26,2271.2
1610,Grace,Gray,customer726@test.com,2024-12-27,1368.01
1428,Heidi,White,customer727@test.com,2024-12-28,1242.72
1374,Grace,Gray,customer728@test.com,2024-12-29,2804.84
1072,Frank,Gray,customer729@test.com,2024-12-30,760.13
1948,Heidi,White,customer730@test.com,2024-12-31,370.14
1997,Frank,White,customer731@test.com,2025-01-01,1757.78
1633,Eve,Black,customer732@test.com,2025-01-02,2908.27
1029,Grace,Green,customer733@test.com,2025-01-03,1139.74
1187,Heidi,Green,customer734@test.com,2025-01-04,195.49
1363,Frank,White,customer735@test.com,2025-01-05,1024.52
1865,Grace,White,customer736@test.com,2025-01-06,1522.74
1799,Grace,Gray,customer737@test.com,2025-01-07,494.15
1450,Eve,Black,customer738@test.com,2025-01-08,1977.73
1194,Eve,Black,customer739@test.com,2025-01-09,2993.27
1155,Grace,White,customer740@test.com,2025-01-10,1360.7
1171,Grace,Gray,customer741@test.com,2025-01-11,1070.64
1846,Heidi,Gray,customer742@test.com,2025-01-12,1208.11
1040,Grace,Green,customer743@test.com,2025-01-13,354.29
1062,Heidi,Green,customer744@test.com,2025-01-14,2650.99
1022,Grace,Gray,customer745@test.com,2025-01-15,1250.33
1359,Eve,Green,customer746@test.com,2025-01-16,1167.95
1074,Heidi,White,customer747@test.com,2025-01-17,1982.47
1559,Frank,Gray,customer748@test.com,2025-01-18,1331.68
1671,Eve,Green,customer749@test.com,2025-01-19,1948.22
1824,Heidi,Black,customer750@test.com,2025-01-20,193.72
1117,Heidi,Gray,customer751@test.com,2025-01-21,2443.03
1611,Frank,Gray,customer752@test.com,2025-01-22,2822.11
1379,Heidi,Black,customer753@test.com,2025-01-23,1949.81
1928,Grace,White,customer754@test.com,2025-01-24,2864.15
1919,Frank,Black,customer755@test.com,2025-01-25,462.78
1678,Eve,Gray,customer756@test.com,2025-01-26,1437.47
1289,Eve,White,customer757@test.com,2025-01-27,1809.4
1439,Grace,Green,customer758@test.com,2025-01-28,1749.39
1667,Eve,Green,customer759@test.com,2025-01-29,1210.37
1932,Heidi,Green,customer760@test.com,2025-01-30,1020.87
1006,Heidi,Gray,customer761@test.com,2025-01-31,389.2
1195,Grace,Black,customer762@test.com,2025-02-01,1181.31
1420,Eve,White,customer763@test.com,2025-02-02,496.36
1567,Eve,Green,customer764@test.com,2025-02-03,2205.75
1832,Grace,White,customer765@test.com,2025-02-04,634.4
1192,Frank,Gray,customer766@test.com,2025-02-05,185.11
1558,Eve,Green,customer767@test.com,2025-02-06,1661.57
1147,Frank,Gray,customer768@test.com,2025-02-07,1789.74
1786,Eve,Black,customer769@test.com,2025-02-08,2617.02
1668,Eve,Gray,customer770@test.com,2025-02-09,1735.18
1201,Eve,Gray,customer771@test.com,2025-02-10,1042.99
1443,Eve,Black,customer772@test.com,2025-02-11,2411.01
1913,Heidi,White,customer773@test.com,2025-02-12,1625.43
1987,Frank,Black,customer774@test.com,2025-02-13,247.05
1418,Frank,Black,customer775@test.com,2025-02-14,1701.89
1426,Eve,Gray,customer776@test.com,2025-02-15,2724.98
1478,Eve,White,customer777@test.com,2025-02-16,1194.97
1474,Frank,Green,customer778@test.com,2025-02-17,896.01
1125,Heidi,Black,customer779@test.com,2025-02-18,438.97
1394,Grace,White,customer780@test.com,2025-02-19,462.82
1816,Grace,Black,customer781@test.com,2025-02-20,1303.99
1880,Frank,Black,customer782@test.com,2025-02-21,1791.08
1805,Eve,Black,customer783@test.com,2025-02-22,251.04
1575,Eve,Black,customer784@test.com,2025-02-23,2819.31
1324,Heidi,Gray,customer785@test.com,2025-02-24,2267.85
1391,Grace,White,customer786@test.com,2025-02-25,1764.01
1929,Heidi,White,customer787@test.com,2025-02-26,2487.03
1687,Grace,White,customer788@test.com,2025-02-27,249.76
1627,Frank,Black,customer789@test.com,2025-02-28,1435.75
1439,Grace,Gray,customer790@test.com,2025-03-01,1893.98
1203,Heidi,Black,customer791@test.com,2025-03-02,2487.67
1485,Heidi,Black,customer792@test.com,2025-03-03,2352.57
1832,Heidi,White,customer793@test.com,2025-03-04,838.44
1030,Frank,Black,customer794@test.com,2025-03-05,2823.23
1387,Grace,Green,customer795@test.com,2025-03-06,381.79
1624,Grace,Black,customer796@test.com,2025-03-07,2626.65
1876,Heidi,Green,customer797@test.com,2025-03-08,2913.11
1433,Grace,Black,customer798@test.com,2025-03-09,539.69
1836,Eve,Gray,customer799@test.com,2025-03-10,2168.98
1925,Eve,Gray,customer800@test.com,2025-03-11,130.45
1375,Eve,White,customer801@test.com,2025-03-12,1222.21
1343,Grace,Black,customer802@test.com,2025-03-13,1553.69
1442,Frank,Green,customer803@test.com,2025-03-14,1746.13
1578,Frank,Green,customer804@test.com,2025-03-15,2808.45
1074,Frank,Black,customer805@test.com,2025-03-16,2020.03
1556,Frank,Green,customer806@test.com,2025-03-17,1449.02
1771,Eve,Gray,customer807@test.com,2025-03-18,2430.93
1665,Eve,Green,customer808@test.com,2025-03-19,2852.09
1154,Heidi,White,customer809@test.com,2025-03-20,75.98
1429,Grace,Gray,customer810@test.com,2025-03-21,2947.74
1362,Grace,Gray,customer811@test.com,2025-03-22,267.54
1447,Frank,Gray,customer812@test.com,2025-03-23,2445.02
1986,Eve,Black,customer813@test.com,2025-03-24,848.2
1233,Frank,Black,customer814@test.com,2025-03-25,405.22
1562,Heidi,Gray,customer815@test.com,2025-03-26,1325.17
1817,Grace,Black,customer816@test.com,2025-03-27,1935.43
1261,Grace,Green,customer817@test.com,2025-03-28,1149.05
1826,Frank,Black,customer818@test.com,2025-03-29,173.15
1124,Heidi,Black,customer819@test.com,2025-03-30,1802.39
1910,Grace,Gray,customer820@test.com,2025-03-31,2708.19
1244,Heidi,White,customer821@test.com,2025-04-01,1155.81
1541,Heidi,White,customer822@test.com,2025-04-02,656.84
1937,Frank,White,customer823@test.com,2025-04-03,1333.31
1484,Eve,Green,customer824@test.com,2025-04-04,154.6
1121,Frank,Black,customer825@test.com,2025-04-05,2463.26
1124,Eve,White,customer826@test.com,2025-04-06,2480.76
1548,Heidi,Gray,customer827@test.com,2025-04-07,1768.12
1169,Eve,White,customer828@test.com,2025-04-08,1065.78
1123,Heidi,White,customer829@test.com,2025-04-09,2401.35
1868,Grace,Black,customer830@test.com,2025-04-10,1668.51
1034,Grace,Black,customer831@test.com,2025-04-11,2479.54
1086,Grace,Black,customer832@test.com,2025-04-12,1898.06
1645,Frank,Green,customer833@test.com,2025-04-13,2355.37
1707,Frank,Green,customer834@test.com,2025-04-14,1799.7
1785,Heidi,White,customer835@test.com,2025-04-15,1248.28
1200,Grace,Black,customer836@test.com,2025-04-16,2874.26
1368,Frank,White,customer837@test.com,2025-04-17,1627.93
1796,Grace,Gray,customer838@test.com,2025-04-18,1819.22
1076,Frank,Gray,customer839@test.com,2025-04-19,669.26
1058,Eve,Black,customer840@test.com,2025-04-20,1880.7
1430,Eve,Black,customer841@test.com,2025-04-21,1719.11
1637,Grace,Gray,customer842@test.com,2025-04-22,562.67
1499,Heidi,Black,customer843@test.com,2025-04-23,188.17
1912,Frank,Green,customer844@test.com,2025-04-24,1817.03
1108,Frank,Green,customer845@test.com,2025-04-25,2293.44
1735,Eve,Black,customer846@test.com,2025-04-26,1574.97
1277,Eve,Gray,customer847@test.com,2025-04-27,688.05
1067,Heidi,White,customer848@test.com,2025-04-28,2002.9
1068,Heidi,Black,customer849@test.com,2025-04-29,249.52
1164,Heidi,Black,customer850@test.com,2025-04-30,1331.08
1488,Grace,White,customer851@test.com,2025-05-01,498.47
1304,Eve,Black,customer852@test.com,2025-05-02,561.53
1908,Grace,White,customer853@test.com,2025-05-03,614.86
1673,Eve,Gray,customer854@test.com,2025-05-04,1166.25
1364,Eve,Green,customer855@test.com,2025-05-05,162.94
1853,Frank,Gray,customer856@test.com,2025-05-06,1199.4
1820,Eve,Green,customer857@test.com,2025-05-07,1540.01
1378,Eve,White,customer858@test.com,2025-05-08,1455.05
1342,Grace,Green,customer859@test.com,2025-05-09,1154.52
1946,Eve,Gray,customer860@test.com,2025-05-10,2519.05
1898,Grace,Green,customer861@test.com,2025-05-11,444.53
1553,Heidi,White,customer862@test.com,2025-05-12,1522.03
1353,Eve,Green,customer863@test.com,2025-05-13,195.5
1415,Eve,Black,customer864@test.com,2025-05-14,222.76
1108,Grace,Gray,customer865@test.com,2025-05-15,1725.86
1562,Heidi,Black,customer866@test.com,2025-05-16,1702.4
1761,Frank,White,customer867@test.com,2025-05-17,2635.32
1496,Heidi,Green,customer868@test.com,2025-05-18,1678.04
1340,Grace,Black,customer869@test.com,2025-05-19,2879.78
1941,Heidi,Black,customer870@test.com,2025-05-20,155.6
1382,Grace,Green,customer871@test.com,2025-05-21,303.04
1532,Grace,Green,customer872@test.com,2025-05-22,141.76
1299,Frank,Gray,customer873@test.com,2025-05-23,563.98
1138,Eve,Black,customer874@test.com,2025-05-24,1628.4
1358,Grace,Black,customer875@test.com,2025-05-25,1940.26
1835,Grace,White,customer876@test.com,2025-05-26,146.3
1498,Frank,Gray,customer877@test.com,2025-05-27,2838.45
1384,Grace,White,customer878@test.com,2025-05-28,2528.07
1603,Eve,Black,customer879@test.com,2025-05-29,896.87
1958,Frank,White,customer880@test.com,2025-05-30,240.79
1279,Eve,Black,customer881@test.com,2025-05-31,517.96
1636,Eve,Black,customer882@test.com,2025-06-01,389.56
1482,Frank,White,customer883@test.com,2025-06-02,378.62
1908,Grace,White,customer884@test.com,2025-06-03,1560.5
1110,Eve,Green,customer885@test.com,2025-06-04,745.08
1865,Eve,Green,customer886@test.com,2025-06-05,1080.84
1138,Eve,Green,customer887@test.com,2025-06-06,2968.62
1995,Eve,Black,customer888@test.com,2025-06-07,2056.1
1434,Frank,White,customer889@test.com,2025-06-08,2847.45
1508,Frank,Gray,customer890@test.com,2025-06-09,436.24
1272,Heidi,Black,customer891@test.com,2025-06-10,1152.6
1098,Heidi,Gray,customer892@test.com,2025-06-11,1668.65
1763,Eve,White,customer893@test.com,2025-06-12,239.51
1849,Grace,Black,customer894@test.com,2025-06-13,22.52
1103,Eve,Gray,customer895@test.com,2025-06-14,2014.6
1213,Grace,Gray,customer896@test.com,2025-06-15,1929.04
1760,Eve,Green,customer897@test.com,2025-06-16,1238.26
1663,Heidi,Green,customer898@test.com,2025-06-17,1474.04
1761,Heidi,Green,customer899@test.com,2025-06-18,1252.17
1786,Grace,Black,customer900@test.com,2025-06-19,81.78
1164,Eve,White,customer901@test.com,2025-06-20,1012.76
1998,Grace,White,customer902@test.com,2025-06-21,539.48
1852,Heidi,Green,customer903@test.com,2025-06-22,304.29
1519,Eve,Green,customer904@test.com,2025-06-23,2870.59
1283,Eve,Green,customer905@test.com,2025-06-24,1802.09
1516,Grace,Gray,customer906@test.com,2025-06-25,2188.68
1656,Frank,Green,customer907@test.com,2025-06-26,952.94
1612,Grace,Gray,customer908@test.com,2025-06-27,1185.51
1163,Heidi,White,customer909@test.com,2025-06-28,718.4
1885,Heidi,Black,customer910@test.com,2025-06-29,299.93
1658,Heidi,Black,customer911@test.com,2025-06-30,545.3
1063,Heidi,Black,customer912@test.com,2025-07-01,2394.57
1090,Heidi,Black,customer913@test.com,2025-07-02,2035.86
1116,Frank,Gray,customer914@test.com,2025-07-03,1645.32
1865,Eve,Gray,customer915@test.com,2025-07-04,1430.52
1266,Grace,Green,customer916@test.com,2025-07-05,2768.08
1821,Grace,Gray,customer917@test.com,2025-07-06,227.48
1684,Heidi,Green,customer918@test.com,2025-07-07,849.0
1558,Grace,Green,customer919@test.com,2025-07-08,1056.31
1139,Heidi,Black,customer920@test.com,2025-07-09,2349.45
1245,Frank,Gray,customer921@test.com,2025-07-10,2977.62
1660,Frank,Gray,customer922@test.com,2025-07-11,729.6
1757,Eve,Green,customer923@test.com,2025-07-12,2624.18
1394,Frank,Green,customer924@test.com,2025-07-13,2493.56
1486,Frank,White,customer925@test.com,2025-07-14,681.73
1475,Eve,White,customer926@test.com,2025-07-15,1204.0
1516,Grace,Green,customer927@test.com,2025-07-16,1234.92
1976,Heidi,White,customer928@test.com,2025-07-17,2934.88
1183,Heidi,White,customer929@test.com,2025-07-18,550.87
1019,Grace,Green,customer930@test.com,2025-07-19,2399.48
1936,Eve,Green,customer931@test.com,2025-07-20,1009.24
1557,Grace,Gray,customer932@test.com,2025-07-21,2195.3
1523,Frank,Green,customer933@test.com,2025-07-22,1265.83
1581,Eve,Green,customer934@test.com,2025-07-23,1739.3
1528,Eve,Black,customer935@test.com,2025-07-24,2499.51
1882,Eve,Gray,customer936@test.com,2025-07-25,2414.46
1146,Heidi,Gray,customer937@test.com,2025-07-26,2600.61
1665,Grace,Gray,customer938@test.com,2025-07-27,188.26
1303,Eve,Black,customer939@test.com,2025-07-28,2079.23
1619,Eve,Green,customer940@test.com,2025-07-29,428.56
1747,Eve,Gray,customer941@test.com,2025-07-30,1253.3
1819,Grace,Gray,customer942@test.com,2025-07-31,1650.28
1863,Heidi,White,customer943@test.com,2025-08-01,1214.19
1581,Frank,Gray,customer944@test.com,2025-08-02,1563.64
1694,Heidi,Green,customer945@test.com,2025-08-03,2989.61
1761,Eve,Green,customer946@test.com,2025-08-04,414.3
1227,Heidi,White,customer947@test.com,2025-08-05,2029.61
1101,Heidi,Gray,customer948@test.com,2025-08-06,1194.04
1586,Frank,Gray,customer949@test.com,2025-08-07,407.7
1416,Grace,Gray,customer950@test.com,2025-08-08,484.62
1957,Grace,Black,customer951@test.com,2025-08-09,2848.33
1215,Heidi,Gray,customer952@test.com,2025-08-10,2640.01
1406,Heidi,Green,customer953@test.com,2025-08-11,2722.06
1398,Grace,Green,customer954@test.com,2025-08-12,2974.68
1922,Grace,Black,customer955@test.com,2025-08-13,632.86
1714,Frank,Black,customer956@test.com,2025-08-14,1072.76
1703,Eve,Gray,customer957@test.com,2025-08-15,2010.96
1760,Heidi,White,customer958@test.com,2025-08-16,1456.57
1498,Grace,Black,customer959@test.com,2025-08-17,1260.98
1753,Heidi,Black,customer960@test.com,2025-08-18,1079.86
1464,Heidi,Gray,customer961@test.com,2025-08-19,1785.4
1690,Grace,Gray,customer962@test.com,2025-08-20,1731.02
1948,Frank,Black,customer963@test.com,2025-08-21,492.76
1973,Heidi,White,customer964@test.com,2025-08-22,1420.5
1730,Frank,Black,customer965@test.com,2025-08-23,1664.88
1081,Grace,Gray,customer966@test.com,2025-08-24,1715.16
1603,Eve,Gray,customer967@test.com,2025-08-25,638.22
1946,Eve,Black,customer968@test.com,2025-08-26,2229.39
1686,Heidi,White,customer969@test.com,2025-08-27,85.35
1750,Grace,Black,customer970@test.com,2025-08-28,1070.95
1771,Frank,Black,customer971@test.com,2025-08-29,2342.84
1902,Heidi,Gray,customer972@test.com,2025-08-30,1696.04
1364,Grace,White,customer973@test.com,2025-08-31,790.88
1162,Grace,Green,customer974@test.com,2025-09-01,2087.91
1047,Frank,White,customer975@test.com,2025-09-02,1706.5
1510,Heidi,Black,customer976@test.com,2025-09-03,2390.77
1328,Grace,Black,customer977@test.com,2025-09-04,2207.73
1839,Grace,Black,customer978@test.com,2025-09-05,1834.22
1115,Grace,White,customer979@test.com,2025-09-06,1469.65
1940,Frank,Gray,customer980@test.com,2025-09-07,408.21
1848,Heidi,Black,customer981@test.com,2025-09-08,791.39
1336,Heidi,Black,customer982@test.com,2025-09-09,1263.11
1880,Heidi,White,customer983@test.com,2025-09-10,1801.9
1736,Heidi,Green,customer984@test.com,2025-09-11,1545.99
1863,Eve,Green,customer985@test.com,2025-09-12,871.67
1839,Eve,Gray,customer986@test.com,2025-09-13,29.33
1146,Heidi,Gray,customer987@test.com,2025-09-14,1493.76
1574,Frank,Black,customer988@test.com,2025-09-15,864.02
1805,Eve,White,customer989@test.com,2025-09-16,2206.48
1322,Grace,Black,customer990@test.com,2025-09-17,81.6
1442,Eve,Gray,customer991@test.com,2025-09-18,1758.64
1836,Grace,White,customer992@test.com,2025-09-19,2825.01
1012,Heidi,White,customer993@test.com,2025-09-20,531.48
1942,Eve,Gray,customer994@test.com,2025-09-21,1420.23
1493,Frank,Green,customer995@test.com,2025-09-22,283.35
1700,Eve,Green,customer996@test.com,2025-09-23,1880.79
1286,Eve,White,customer997@test.com,2025-09-24,1656.09
1719,Eve,Black,customer998@test.com,2025-09-25,1228.02
1113,Heidi,Green,customer999@test.com,2025-09-26,1568.92
